ObservationDate,Province/State,Country/Region,Confirmed,Deaths,Recovered,Active
03/13/2020,Alabama,US,5,0,0,5
03/14/2020,Alabama,US,6,0,0,6
03/15/2020,Alabama,US,12,0,0,12
03/16/2020,Alabama,US,29,0,0,29
03/17/2020,Alabama,US,39,0,0,39
03/18/2020,Alabama,US,46,0,0,46
03/19/2020,Alabama,US,78,0,0,78
03/20/2020,Alabama,US,83,0,0,83
03/21/2020,Alabama,US,131,0,0,131
03/22/2020,Alabama,US,157,0,0,157
03/23/2020,Alabama,US,196,0,0,196
03/24/2020,Alabama,US,242,0,0,242
03/25/2020,Alabama,US,381,1,0,380
03/26/2020,Alabama,US,517,1,0,516
03/27/2020,Alabama,US,587,4,0,583
03/28/2020,Alabama,US,694,4,0,690
03/29/2020,Alabama,US,825,10,0,815
03/30/2020,Alabama,US,899,10,0,889
03/31/2020,Alabama,US,987,23,0,964
04/01/2020,Alabama,US,1060,27,0,1033
04/02/2020,Alabama,US,1233,32,0,1201
04/03/2020,Alabama,US,1495,38,0,1457
04/04/2020,Alabama,US,1614,44,0,1570
04/05/2020,Alabama,US,1765,45,0,1720
04/06/2020,Alabama,US,1952,49,0,1903
04/07/2020,Alabama,US,2169,64,0,2105
04/08/2020,Alabama,US,2328,66,0,2262
04/09/2020,Alabama,US,2703,70,0,2633
04/10/2020,Alabama,US,2947,80,0,2867
04/11/2020,Alabama,US,3217,92,0,3125
04/12/2020,Alabama,US,3563,93,0,3470
04/13/2020,Alabama,US,3734,99,0,3635
04/14/2020,Alabama,US,3953,114,0,3839
04/15/2020,Alabama,US,4075,118,0,3957
04/16/2020,Alabama,US,4345,133,0,4212
04/17/2020,Alabama,US,4571,148,0,4423
04/18/2020,Alabama,US,4712,153,0,4559
04/19/2020,Alabama,US,4888,157,0,4731
04/20/2020,Alabama,US,5079,163,0,4916
04/21/2020,Alabama,US,5317,183,0,5134
04/22/2020,Alabama,US,5593,196,0,5397
04/23/2020,Alabama,US,5832,202,0,5630
03/10/2020,Alaska,US,0,0,0,0
03/11/2020,Alaska,US,0,0,0,0
03/12/2020,Alaska,US,0,0,0,0
03/13/2020,Alaska,US,1,0,0,1
03/15/2020,Alaska,US,1,0,0,1
03/16/2020,Alaska,US,1,0,0,1
03/17/2020,Alaska,US,3,0,0,3
03/18/2020,Alaska,US,6,0,0,6
03/19/2020,Alaska,US,9,0,0,9
03/20/2020,Alaska,US,12,0,0,12
03/21/2020,Alaska,US,15,0,0,15
03/22/2020,Alaska,US,20,0,0,20
03/23/2020,Alaska,US,30,0,0,30
03/24/2020,Alaska,US,34,0,0,34
03/25/2020,Alaska,US,41,1,0,40
03/26/2020,Alaska,US,56,1,0,55
03/27/2020,Alaska,US,58,1,0,57
03/28/2020,Alaska,US,85,2,0,83
03/29/2020,Alaska,US,102,2,0,100
03/30/2020,Alaska,US,114,3,0,111
03/31/2020,Alaska,US,119,3,0,116
04/01/2020,Alaska,US,132,3,0,129
04/02/2020,Alaska,US,143,3,0,140
04/03/2020,Alaska,US,157,3,0,154
04/04/2020,Alaska,US,171,5,0,166
04/05/2020,Alaska,US,185,6,0,179
04/06/2020,Alaska,US,190,6,0,184
04/07/2020,Alaska,US,213,6,0,207
04/08/2020,Alaska,US,226,7,0,219
04/09/2020,Alaska,US,235,7,0,228
04/10/2020,Alaska,US,246,7,0,239
04/11/2020,Alaska,US,257,8,0,249
04/12/2020,Alaska,US,272,8,0,264
04/13/2020,Alaska,US,277,8,0,269
04/14/2020,Alaska,US,285,9,0,276
04/15/2020,Alaska,US,293,9,0,284
04/16/2020,Alaska,US,300,9,0,291
04/17/2020,Alaska,US,309,9,0,300
04/18/2020,Alaska,US,314,9,0,305
04/19/2020,Alaska,US,319,9,0,310
04/20/2020,Alaska,US,321,9,0,312
04/21/2020,Alaska,US,329,9,0,320
04/22/2020,Alaska,US,335,9,0,326
04/23/2020,Alaska,US,337,9,0,328
03/22/2020,American Samoa,US,0,0,0,0
03/23/2020,American Samoa,US,0,0,0,0
03/24/2020,American Samoa,US,0,0,0,0
03/25/2020,American Samoa,US,0,0,0,0
03/26/2020,American Samoa,US,0,0,0,0
03/27/2020,American Samoa,US,0,0,0,0
03/28/2020,American Samoa,US,0,0,0,0
03/29/2020,American Samoa,US,0,0,0,0
03/30/2020,American Samoa,US,0,0,0,0
01/26/2020,Arizona,US,1,0,0,1
01/27/2020,Arizona,US,1,0,0,1
01/28/2020,Arizona,US,1,0,0,1
01/29/2020,Arizona,US,1,0,0,1
01/30/2020,Arizona,US,1,0,0,1
01/31/2020,Arizona,US,1,0,0,1
03/10/2020,Arizona,US,6,0,1,5
03/11/2020,Arizona,US,9,0,1,8
03/12/2020,Arizona,US,9,0,1,8
03/13/2020,Arizona,US,9,0,1,8
03/14/2020,Arizona,US,12,0,1,11
03/15/2020,Arizona,US,13,0,1,12
03/16/2020,Arizona,US,18,0,1,17
03/17/2020,Arizona,US,20,0,1,19
03/18/2020,Arizona,US,27,0,0,27
03/19/2020,Arizona,US,45,0,0,45
03/20/2020,Arizona,US,78,0,0,78
03/21/2020,Arizona,US,118,1,0,117
03/22/2020,Arizona,US,152,2,0,150
03/23/2020,Arizona,US,235,2,0,233
03/24/2020,Arizona,US,326,5,0,321
03/25/2020,Arizona,US,401,6,0,395
03/26/2020,Arizona,US,508,8,0,500
03/27/2020,Arizona,US,665,13,0,652
03/28/2020,Arizona,US,773,15,0,758
03/29/2020,Arizona,US,919,17,0,902
03/30/2020,Arizona,US,1157,20,0,1137
03/31/2020,Arizona,US,1289,24,0,1265
04/01/2020,Arizona,US,1530,29,0,1501
04/02/2020,Arizona,US,1715,32,0,1683
04/03/2020,Arizona,US,1937,41,0,1896
04/04/2020,Arizona,US,2187,52,0,2135
04/05/2020,Arizona,US,2486,64,0,2422
04/06/2020,Arizona,US,2732,65,0,2667
04/07/2020,Arizona,US,2870,73,0,2797
04/08/2020,Arizona,US,3036,80,0,2956
04/09/2020,Arizona,US,3018,89,0,2929
04/10/2020,Arizona,US,3112,97,0,3015
04/11/2020,Arizona,US,3393,108,0,3285
04/12/2020,Arizona,US,3542,115,0,3427
04/13/2020,Arizona,US,3705,122,0,3583
04/14/2020,Arizona,US,3809,131,0,3678
04/15/2020,Arizona,US,3964,142,0,3822
04/16/2020,Arizona,US,4237,150,0,4087
04/17/2020,Arizona,US,4511,169,0,4342
04/18/2020,Arizona,US,4724,180,0,4544
04/19/2020,Arizona,US,4933,184,0,4749
04/20/2020,Arizona,US,5068,191,0,4877
04/21/2020,Arizona,US,5256,208,0,5048
04/22/2020,Arizona,US,5473,231,0,5242
04/23/2020,Arizona,US,5772,249,0,5523
03/10/2020,Arkansas,US,0,0,0,0
03/11/2020,Arkansas,US,1,0,0,1
03/12/2020,Arkansas,US,6,0,0,6
03/13/2020,Arkansas,US,6,0,0,6
03/14/2020,Arkansas,US,12,0,0,12
03/15/2020,Arkansas,US,16,0,0,16
03/16/2020,Arkansas,US,22,0,0,22
03/17/2020,Arkansas,US,22,0,0,22
03/18/2020,Arkansas,US,33,0,0,33
03/19/2020,Arkansas,US,62,0,0,62
03/20/2020,Arkansas,US,96,0,0,96
03/21/2020,Arkansas,US,122,0,0,122
03/22/2020,Arkansas,US,165,0,0,165
03/23/2020,Arkansas,US,192,0,0,192
03/24/2020,Arkansas,US,219,2,0,217
03/25/2020,Arkansas,US,280,2,0,278
03/26/2020,Arkansas,US,335,2,0,333
03/27/2020,Arkansas,US,381,3,0,378
03/28/2020,Arkansas,US,409,5,0,404
03/29/2020,Arkansas,US,426,6,0,420
03/30/2020,Arkansas,US,473,7,0,466
03/31/2020,Arkansas,US,523,8,0,515
04/01/2020,Arkansas,US,584,10,0,574
04/02/2020,Arkansas,US,643,12,0,631
04/03/2020,Arkansas,US,704,12,0,692
04/04/2020,Arkansas,US,743,14,0,729
04/05/2020,Arkansas,US,837,16,0,821
04/06/2020,Arkansas,US,875,16,0,859
04/07/2020,Arkansas,US,946,18,0,928
04/08/2020,Arkansas,US,1000,18,0,982
04/09/2020,Arkansas,US,1119,21,0,1098
04/10/2020,Arkansas,US,1171,21,0,1150
04/11/2020,Arkansas,US,1228,25,0,1203
04/12/2020,Arkansas,US,1280,27,0,1253
04/13/2020,Arkansas,US,1410,29,0,1381
04/14/2020,Arkansas,US,1498,32,0,1466
04/15/2020,Arkansas,US,1569,33,0,1536
04/16/2020,Arkansas,US,1620,37,0,1583
04/17/2020,Arkansas,US,1695,37,0,1658
04/18/2020,Arkansas,US,1744,38,0,1706
04/19/2020,Arkansas,US,1781,39,0,1742
04/20/2020,Arkansas,US,1973,41,0,1932
04/21/2020,Arkansas,US,1990,42,0,1948
04/22/2020,Arkansas,US,2276,42,0,2234
04/23/2020,Arkansas,US,2599,45,0,2554
01/26/2020,California,US,2,0,0,2
01/27/2020,California,US,2,0,0,2
01/28/2020,California,US,2,0,0,2
01/29/2020,California,US,2,0,0,2
01/30/2020,California,US,2,0,0,2
01/31/2020,California,US,2,0,0,2
03/10/2020,California,US,144,2,2,140
03/11/2020,California,US,177,3,2,172
03/12/2020,California,US,221,4,6,211
03/13/2020,California,US,282,4,6,272
03/14/2020,California,US,340,5,6,329
03/15/2020,California,US,426,6,6,414
03/16/2020,California,US,557,7,6,544
03/17/2020,California,US,698,12,6,680
03/18/2020,California,US,751,13,0,738
03/19/2020,California,US,952,18,0,934
03/20/2020,California,US,1177,23,0,1154
03/21/2020,California,US,1364,24,0,1340
03/22/2020,California,US,1646,30,0,1616
03/23/2020,California,US,2108,39,0,2069
03/24/2020,California,US,2538,50,0,2488
03/25/2020,California,US,2998,65,0,2933
03/26/2020,California,US,3899,81,0,3818
03/27/2020,California,US,4657,94,0,4563
03/28/2020,California,US,5095,110,0,4985
03/29/2020,California,US,5852,124,0,5728
03/30/2020,California,US,7138,146,0,6992
03/31/2020,California,US,8210,173,0,8037
04/01/2020,California,US,9399,199,0,9200
04/02/2020,California,US,10773,238,0,10535
04/03/2020,California,US,12004,265,0,11739
04/04/2020,California,US,12837,289,0,12548
04/05/2020,California,US,15034,348,0,14686
04/06/2020,California,US,16019,380,0,15639
04/07/2020,California,US,17351,432,0,16919
04/08/2020,California,US,18897,495,0,18402
04/09/2020,California,US,19710,544,0,19166
04/10/2020,California,US,21081,583,0,20498
04/11/2020,California,US,21706,604,0,21102
04/12/2020,California,US,22795,640,0,22155
04/13/2020,California,US,23931,714,0,23217
04/14/2020,California,US,25356,767,0,24589
04/15/2020,California,US,26686,860,0,25826
04/16/2020,California,US,27677,956,0,26721
04/17/2020,California,US,29157,1037,0,28120
04/18/2020,California,US,30491,1140,0,29351
04/19/2020,California,US,31431,1177,0,30254
04/20/2020,California,US,33686,1225,0,32461
04/21/2020,California,US,35465,1282,0,34183
04/22/2020,California,US,37344,1421,0,35923
04/23/2020,California,US,39561,1533,0,38028
01/24/2020,Chicago,US,1,0,0,1
03/10/2020,Colorado,US,15,0,0,15
03/11/2020,Colorado,US,34,0,0,34
03/12/2020,Colorado,US,45,0,0,45
03/13/2020,Colorado,US,49,0,0,49
03/14/2020,Colorado,US,101,1,0,100
03/15/2020,Colorado,US,131,1,0,130
03/16/2020,Colorado,US,160,1,0,159
03/17/2020,Colorado,US,160,2,0,158
03/18/2020,Colorado,US,184,2,0,182
03/19/2020,Colorado,US,277,4,0,273
03/20/2020,Colorado,US,363,4,0,359
03/21/2020,Colorado,US,390,4,0,386
03/22/2020,Colorado,US,591,6,0,585
03/23/2020,Colorado,US,704,7,0,697
03/24/2020,Colorado,US,723,8,0,715
03/25/2020,Colorado,US,1021,16,0,1005
03/26/2020,Colorado,US,1430,19,0,1411
03/27/2020,Colorado,US,1433,27,0,1406
03/28/2020,Colorado,US,1740,31,0,1709
03/29/2020,Colorado,US,2307,47,0,2260
03/30/2020,Colorado,US,2311,47,0,2264
03/31/2020,Colorado,US,2966,69,0,2897
04/01/2020,Colorado,US,2982,69,0,2913
04/02/2020,Colorado,US,3342,80,0,3262
04/03/2020,Colorado,US,3742,97,0,3645
04/04/2020,Colorado,US,4188,111,0,4077
04/05/2020,Colorado,US,4950,140,0,4810
04/06/2020,Colorado,US,5183,150,0,5033
04/07/2020,Colorado,US,5429,179,0,5250
04/08/2020,Colorado,US,5655,193,0,5462
04/09/2020,Colorado,US,5655,193,0,5462
04/10/2020,Colorado,US,6202,226,0,5976
04/11/2020,Colorado,US,6513,250,0,6263
04/12/2020,Colorado,US,7307,289,0,7018
04/13/2020,Colorado,US,7691,306,0,7385
04/14/2020,Colorado,US,7950,327,0,7623
04/15/2020,Colorado,US,7956,328,0,7628
04/16/2020,Colorado,US,8286,355,0,7931
04/17/2020,Colorado,US,8691,372,0,8319
04/18/2020,Colorado,US,9047,389,0,8658
04/19/2020,Colorado,US,9730,420,0,9310
04/20/2020,Colorado,US,9730,420,0,9310
04/21/2020,Colorado,US,10473,483,0,9990
04/22/2020,Colorado,US,10891,506,0,10385
04/23/2020,Colorado,US,11278,552,0,10726
03/10/2020,Connecticut,US,2,0,0,2
03/11/2020,Connecticut,US,3,0,0,3
03/12/2020,Connecticut,US,5,0,0,5
03/13/2020,Connecticut,US,11,0,0,11
03/14/2020,Connecticut,US,22,0,0,22
03/15/2020,Connecticut,US,24,0,0,24
03/16/2020,Connecticut,US,30,0,0,30
03/17/2020,Connecticut,US,68,0,0,68
03/18/2020,Connecticut,US,68,0,0,68
03/19/2020,Connecticut,US,159,2,0,157
03/20/2020,Connecticut,US,194,3,0,191
03/21/2020,Connecticut,US,194,4,0,190
03/22/2020,Connecticut,US,327,8,0,319
03/23/2020,Connecticut,US,415,10,0,405
03/24/2020,Connecticut,US,618,12,0,606
03/25/2020,Connecticut,US,875,19,0,856
03/26/2020,Connecticut,US,1012,21,0,991
03/27/2020,Connecticut,US,1291,27,0,1264
03/28/2020,Connecticut,US,1524,33,0,1491
03/29/2020,Connecticut,US,1993,34,0,1959
03/30/2020,Connecticut,US,2571,36,0,2535
03/31/2020,Connecticut,US,3128,69,0,3059
04/01/2020,Connecticut,US,3557,85,0,3472
04/02/2020,Connecticut,US,3824,112,0,3712
04/03/2020,Connecticut,US,4914,131,0,4783
04/04/2020,Connecticut,US,5276,165,0,5111
04/05/2020,Connecticut,US,5675,189,0,5486
04/06/2020,Connecticut,US,6906,206,0,6700
04/07/2020,Connecticut,US,7781,277,0,7504
04/08/2020,Connecticut,US,7781,326,0,7455
04/09/2020,Connecticut,US,9784,380,0,9404
04/10/2020,Connecticut,US,10538,448,0,10090
04/11/2020,Connecticut,US,11510,494,0,11016
04/12/2020,Connecticut,US,12035,554,0,11481
04/13/2020,Connecticut,US,13381,602,0,12779
04/14/2020,Connecticut,US,13989,671,0,13318
04/15/2020,Connecticut,US,14755,868,0,13887
04/16/2020,Connecticut,US,15884,971,0,14913
04/17/2020,Connecticut,US,16809,1036,0,15773
04/18/2020,Connecticut,US,17550,1086,0,16464
04/19/2020,Connecticut,US,17962,1127,0,16835
04/20/2020,Connecticut,US,19815,1331,0,18484
04/21/2020,Connecticut,US,20360,1423,0,18937
04/22/2020,Connecticut,US,22469,1544,0,20925
04/23/2020,Connecticut,US,23100,1639,0,21461
03/10/2020,Delaware,US,0,0,0,0
03/11/2020,Delaware,US,1,0,0,1
03/12/2020,Delaware,US,1,0,0,1
03/13/2020,Delaware,US,4,0,0,4
03/14/2020,Delaware,US,6,0,0,6
03/15/2020,Delaware,US,7,0,0,7
03/16/2020,Delaware,US,8,0,0,8
03/17/2020,Delaware,US,16,0,0,16
03/18/2020,Delaware,US,19,0,0,19
03/19/2020,Delaware,US,30,0,0,30
03/20/2020,Delaware,US,38,0,0,38
03/21/2020,Delaware,US,45,0,0,45
03/22/2020,Delaware,US,56,0,0,56
03/23/2020,Delaware,US,68,0,0,68
03/24/2020,Delaware,US,104,0,0,104
03/25/2020,Delaware,US,119,0,0,119
03/26/2020,Delaware,US,130,1,0,129
03/27/2020,Delaware,US,163,2,0,161
03/28/2020,Delaware,US,214,5,0,209
03/29/2020,Delaware,US,232,6,0,226
03/30/2020,Delaware,US,264,6,0,258
03/31/2020,Delaware,US,319,10,0,309
04/01/2020,Delaware,US,368,11,0,357
04/02/2020,Delaware,US,393,12,0,381
04/03/2020,Delaware,US,450,14,0,436
04/04/2020,Delaware,US,593,14,0,579
04/05/2020,Delaware,US,673,14,0,659
04/06/2020,Delaware,US,783,15,0,768
04/07/2020,Delaware,US,928,16,0,912
04/08/2020,Delaware,US,1116,19,0,1097
04/09/2020,Delaware,US,1209,23,0,1186
04/10/2020,Delaware,US,1326,32,0,1294
04/11/2020,Delaware,US,1479,33,0,1446
04/12/2020,Delaware,US,1625,35,0,1590
04/13/2020,Delaware,US,1758,41,0,1717
04/14/2020,Delaware,US,1926,43,0,1883
04/15/2020,Delaware,US,2014,46,0,1968
04/16/2020,Delaware,US,2070,55,0,2015
04/17/2020,Delaware,US,2317,61,0,2256
04/18/2020,Delaware,US,2538,67,0,2471
04/19/2020,Delaware,US,2538,67,0,2471
04/20/2020,Delaware,US,2745,72,0,2673
04/21/2020,Delaware,US,2931,82,0,2849
04/22/2020,Delaware,US,3200,89,0,3111
04/23/2020,Delaware,US,3308,92,0,3216
03/10/2020,District of Columbia,US,5,0,0,5
03/11/2020,District of Columbia,US,10,0,0,10
03/12/2020,District of Columbia,US,10,0,0,10
03/13/2020,District of Columbia,US,10,0,0,10
03/14/2020,District of Columbia,US,10,0,0,10
03/15/2020,District of Columbia,US,16,0,0,16
03/16/2020,District of Columbia,US,22,0,0,22
03/17/2020,District of Columbia,US,22,0,0,22
03/18/2020,District of Columbia,US,31,0,0,31
03/19/2020,District of Columbia,US,40,0,0,40
03/20/2020,District of Columbia,US,71,1,0,70
03/21/2020,District of Columbia,US,98,1,0,97
03/22/2020,District of Columbia,US,204,2,0,202
03/23/2020,District of Columbia,US,120,2,0,118
03/24/2020,District of Columbia,US,141,2,0,139
03/25/2020,District of Columbia,US,187,2,0,185
03/26/2020,District of Columbia,US,231,3,0,228
03/27/2020,District of Columbia,US,271,3,0,268
03/28/2020,District of Columbia,US,304,4,0,300
03/29/2020,District of Columbia,US,342,5,0,337
03/30/2020,District of Columbia,US,401,9,0,392
03/31/2020,District of Columbia,US,495,9,0,486
04/01/2020,District of Columbia,US,586,9,0,577
04/02/2020,District of Columbia,US,653,12,0,641
04/03/2020,District of Columbia,US,757,15,0,742
04/04/2020,District of Columbia,US,902,21,0,881
04/05/2020,District of Columbia,US,1002,22,0,980
04/06/2020,District of Columbia,US,1097,24,0,1073
04/07/2020,District of Columbia,US,1211,22,0,1189
04/08/2020,District of Columbia,US,1440,27,0,1413
04/09/2020,District of Columbia,US,1523,32,0,1491
04/10/2020,District of Columbia,US,1660,38,0,1622
04/11/2020,District of Columbia,US,1778,47,0,1731
04/12/2020,District of Columbia,US,1875,50,0,1825
04/13/2020,District of Columbia,US,1955,52,0,1903
04/14/2020,District of Columbia,US,2058,67,0,1991
04/15/2020,District of Columbia,US,2197,72,0,2125
04/16/2020,District of Columbia,US,2350,81,0,2269
04/17/2020,District of Columbia,US,2476,86,0,2390
04/18/2020,District of Columbia,US,2666,91,0,2575
04/19/2020,District of Columbia,US,2793,96,0,2697
04/20/2020,District of Columbia,US,2927,105,0,2822
04/21/2020,District of Columbia,US,3098,112,0,2986
04/22/2020,District of Columbia,US,3206,127,0,3079
04/23/2020,District of Columbia,US,3361,139,0,3222
03/10/2020,Florida,US,15,2,0,13
03/11/2020,Florida,US,28,2,0,26
03/12/2020,Florida,US,35,2,0,33
03/13/2020,Florida,US,50,2,0,48
03/14/2020,Florida,US,76,3,0,73
03/15/2020,Florida,US,115,4,0,111
03/16/2020,Florida,US,155,5,0,150
03/17/2020,Florida,US,216,6,0,210
03/18/2020,Florida,US,314,7,0,307
03/19/2020,Florida,US,417,9,0,408
03/20/2020,Florida,US,563,10,0,553
03/21/2020,Florida,US,659,13,0,646
03/22/2020,Florida,US,1004,13,0,991
03/23/2020,Florida,US,1227,18,0,1209
03/24/2020,Florida,US,1412,18,0,1394
03/25/2020,Florida,US,1682,23,0,1659
03/26/2020,Florida,US,2357,29,0,2328
03/27/2020,Florida,US,2900,35,0,2865
03/28/2020,Florida,US,3763,54,0,3709
03/29/2020,Florida,US,4246,56,0,4190
03/30/2020,Florida,US,5473,63,0,5410
03/31/2020,Florida,US,6741,85,0,6656
04/01/2020,Florida,US,6956,87,0,6869
04/02/2020,Florida,US,9008,164,0,8844
04/03/2020,Florida,US,10268,170,0,10098
04/04/2020,Florida,US,11537,195,0,11342
04/05/2020,Florida,US,12350,221,0,12129
04/06/2020,Florida,US,13324,236,0,13088
04/07/2020,Florida,US,14545,283,0,14262
04/08/2020,Florida,US,15456,309,0,15147
04/09/2020,Florida,US,16364,354,0,16010
04/10/2020,Florida,US,17531,390,0,17141
04/11/2020,Florida,US,18494,438,0,18056
04/12/2020,Florida,US,19895,461,0,19434
04/13/2020,Florida,US,21019,499,0,20520
04/14/2020,Florida,US,21628,571,0,21057
04/15/2020,Florida,US,22511,596,0,21915
04/16/2020,Florida,US,23343,668,0,22675
04/17/2020,Florida,US,24759,725,0,24034
04/18/2020,Florida,US,25492,748,0,24744
04/19/2020,Florida,US,26314,774,0,25540
04/20/2020,Florida,US,27059,822,0,26237
04/21/2020,Florida,US,27869,867,0,27002
04/22/2020,Florida,US,28309,893,0,27416
04/23/2020,Florida,US,29648,987,0,28661
03/10/2020,Georgia,US,17,0,0,17
03/11/2020,Georgia,US,23,0,0,23
03/12/2020,Georgia,US,31,1,0,30
03/13/2020,Georgia,US,42,1,0,41
03/14/2020,Georgia,US,66,1,0,65
03/15/2020,Georgia,US,99,1,0,98
03/16/2020,Georgia,US,121,1,0,120
03/17/2020,Georgia,US,146,1,0,145
03/18/2020,Georgia,US,199,3,0,196
03/19/2020,Georgia,US,287,10,0,277
03/20/2020,Georgia,US,420,13,0,407
03/21/2020,Georgia,US,507,14,0,493
03/22/2020,Georgia,US,621,25,0,596
03/23/2020,Georgia,US,772,25,0,747
03/24/2020,Georgia,US,1026,32,0,994
03/25/2020,Georgia,US,1247,40,0,1207
03/26/2020,Georgia,US,1525,48,0,1477
03/27/2020,Georgia,US,2000,64,0,1936
03/28/2020,Georgia,US,2366,69,0,2297
03/29/2020,Georgia,US,2651,80,0,2571
03/30/2020,Georgia,US,2808,87,0,2721
03/31/2020,Georgia,US,3929,111,0,3818
04/01/2020,Georgia,US,4638,139,0,4499
04/02/2020,Georgia,US,5348,163,0,5185
04/03/2020,Georgia,US,5831,184,0,5647
04/04/2020,Georgia,US,6160,201,0,5959
04/05/2020,Georgia,US,6647,211,0,6436
04/06/2020,Georgia,US,7314,229,0,7085
04/07/2020,Georgia,US,8822,329,0,8493
04/08/2020,Georgia,US,9901,362,0,9539
04/09/2020,Georgia,US,10566,379,0,10187
04/10/2020,Georgia,US,11485,416,0,11069
04/11/2020,Georgia,US,12159,429,0,11730
04/12/2020,Georgia,US,12452,433,0,12019
04/13/2020,Georgia,US,13315,465,0,12850
04/14/2020,Georgia,US,14578,525,0,14053
04/15/2020,Georgia,US,14987,552,0,14435
04/16/2020,Georgia,US,15669,587,0,15082
04/17/2020,Georgia,US,17194,650,0,16544
04/18/2020,Georgia,US,17669,673,0,16996
04/19/2020,Georgia,US,18301,687,0,17614
04/20/2020,Georgia,US,19407,775,0,18632
04/21/2020,Georgia,US,19881,798,0,19083
04/22/2020,Georgia,US,21214,848,0,20366
04/23/2020,Georgia,US,21883,881,0,21002
03/15/2020,Guam,US,3,0,0,3
03/16/2020,Guam,US,3,0,0,3
03/17/2020,Guam,US,3,0,0,3
03/18/2020,Guam,US,5,0,0,5
03/19/2020,Guam,US,12,0,0,12
03/20/2020,Guam,US,14,0,0,14
03/21/2020,Guam,US,15,0,0,15
03/22/2020,Guam,US,27,1,0,26
03/23/2020,Guam,US,29,1,0,28
03/24/2020,Guam,US,32,1,0,31
03/25/2020,Guam,US,37,1,0,36
03/26/2020,Guam,US,45,1,0,44
03/27/2020,Guam,US,51,1,0,50
03/28/2020,Guam,US,55,1,0,54
03/29/2020,Guam,US,56,1,0,55
03/30/2020,Guam,US,58,1,0,57
03/31/2020,Guam,US,69,2,0,67
04/01/2020,Guam,US,77,3,0,74
04/02/2020,Guam,US,82,3,0,79
04/03/2020,Guam,US,84,4,0,80
04/04/2020,Guam,US,93,4,0,89
04/05/2020,Guam,US,112,4,0,108
04/06/2020,Guam,US,113,4,0,109
04/07/2020,Guam,US,121,4,0,117
04/08/2020,Guam,US,121,4,0,117
04/09/2020,Guam,US,128,4,0,124
04/10/2020,Guam,US,130,4,0,126
04/11/2020,Guam,US,133,5,0,128
04/12/2020,Guam,US,133,5,0,128
04/13/2020,Guam,US,133,5,0,128
04/14/2020,Guam,US,133,5,0,128
04/15/2020,Guam,US,135,5,0,130
04/16/2020,Guam,US,135,5,0,130
04/17/2020,Guam,US,136,5,0,131
04/18/2020,Guam,US,136,5,0,131
04/19/2020,Guam,US,136,5,0,131
04/20/2020,Guam,US,136,5,0,131
04/21/2020,Guam,US,136,5,0,131
04/22/2020,Guam,US,136,5,0,131
04/23/2020,Guam,US,139,5,0,134
03/10/2020,Hawaii,US,2,0,0,2
03/11/2020,Hawaii,US,2,0,0,2
03/12/2020,Hawaii,US,2,0,0,2
03/13/2020,Hawaii,US,2,0,0,2
03/14/2020,Hawaii,US,4,0,0,4
03/15/2020,Hawaii,US,6,0,0,6
03/16/2020,Hawaii,US,7,0,0,7
03/17/2020,Hawaii,US,10,0,0,10
03/18/2020,Hawaii,US,14,0,0,14
03/19/2020,Hawaii,US,16,0,0,16
03/20/2020,Hawaii,US,26,0,0,26
03/21/2020,Hawaii,US,37,0,0,37
03/22/2020,Hawaii,US,53,0,0,53
03/23/2020,Hawaii,US,56,0,0,56
03/24/2020,Hawaii,US,90,1,0,89
03/25/2020,Hawaii,US,91,0,0,91
03/26/2020,Hawaii,US,95,0,0,95
03/27/2020,Hawaii,US,106,0,0,106
03/28/2020,Hawaii,US,149,0,0,149
03/29/2020,Hawaii,US,149,0,0,149
03/30/2020,Hawaii,US,175,0,0,175
03/31/2020,Hawaii,US,204,0,0,204
04/01/2020,Hawaii,US,224,1,0,223
04/02/2020,Hawaii,US,256,1,0,255
04/03/2020,Hawaii,US,319,3,0,316
04/04/2020,Hawaii,US,351,3,0,348
04/05/2020,Hawaii,US,371,4,0,367
04/06/2020,Hawaii,US,387,5,0,382
04/07/2020,Hawaii,US,410,5,0,405
04/08/2020,Hawaii,US,410,5,0,405
04/09/2020,Hawaii,US,442,6,0,436
04/10/2020,Hawaii,US,442,6,0,436
04/11/2020,Hawaii,US,465,8,0,457
04/12/2020,Hawaii,US,499,9,0,490
04/13/2020,Hawaii,US,504,9,0,495
04/14/2020,Hawaii,US,511,9,0,502
04/15/2020,Hawaii,US,524,9,0,515
04/16/2020,Hawaii,US,530,9,0,521
04/17/2020,Hawaii,US,541,9,0,532
04/18/2020,Hawaii,US,574,9,0,565
04/19/2020,Hawaii,US,580,10,0,570
04/20/2020,Hawaii,US,584,10,0,574
04/21/2020,Hawaii,US,586,10,0,576
04/22/2020,Hawaii,US,592,12,0,580
04/23/2020,Hawaii,US,596,12,0,584
03/10/2020,Idaho,US,0,0,0,0
03/11/2020,Idaho,US,0,0,0,0
03/12/2020,Idaho,US,0,0,0,0
03/13/2020,Idaho,US,1,0,0,1
03/14/2020,Idaho,US,2,0,0,2
03/15/2020,Idaho,US,5,0,0,5
03/16/2020,Idaho,US,5,0,0,5
03/17/2020,Idaho,US,8,0,0,8
03/18/2020,Idaho,US,9,0,0,9
03/19/2020,Idaho,US,11,0,0,11
03/20/2020,Idaho,US,23,0,0,23
03/21/2020,Idaho,US,36,0,0,36
03/22/2020,Idaho,US,42,0,0,42
03/23/2020,Idaho,US,68,0,0,68
03/24/2020,Idaho,US,81,0,0,81
03/25/2020,Idaho,US,91,0,0,91
03/26/2020,Idaho,US,146,3,0,143
03/27/2020,Idaho,US,205,3,0,202
03/28/2020,Idaho,US,234,4,0,230
03/29/2020,Idaho,US,281,5,0,276
03/30/2020,Idaho,US,340,6,0,334
03/31/2020,Idaho,US,515,8,0,507
04/01/2020,Idaho,US,566,9,0,557
04/02/2020,Idaho,US,776,9,0,767
04/03/2020,Idaho,US,891,9,0,882
04/04/2020,Idaho,US,1022,10,0,1012
04/05/2020,Idaho,US,1078,10,0,1068
04/06/2020,Idaho,US,1101,10,0,1091
04/07/2020,Idaho,US,1170,13,0,1157
04/08/2020,Idaho,US,1210,15,0,1195
04/09/2020,Idaho,US,1232,18,0,1214
04/10/2020,Idaho,US,1354,24,0,1330
04/11/2020,Idaho,US,1396,25,0,1371
04/12/2020,Idaho,US,1407,27,0,1380
04/13/2020,Idaho,US,1426,27,0,1399
04/14/2020,Idaho,US,1464,33,0,1431
04/15/2020,Idaho,US,1473,39,0,1434
04/16/2020,Idaho,US,1587,41,0,1546
04/17/2020,Idaho,US,1609,41,0,1568
04/18/2020,Idaho,US,1655,43,0,1612
04/19/2020,Idaho,US,1668,44,0,1624
04/20/2020,Idaho,US,1672,45,0,1627
04/21/2020,Idaho,US,1736,48,0,1688
04/22/2020,Idaho,US,1766,51,0,1715
04/23/2020,Idaho,US,1836,54,0,1782
01/25/2020,Illinois,US,1,0,0,1
01/26/2020,Illinois,US,1,0,0,1
01/27/2020,Illinois,US,1,0,0,1
01/28/2020,Illinois,US,1,0,0,1
01/29/2020,Illinois,US,1,0,0,1
01/30/2020,Illinois,US,1,0,0,1
01/31/2020,Illinois,US,2,0,0,2
03/10/2020,Illinois,US,12,0,2,10
03/11/2020,Illinois,US,25,0,2,23
03/12/2020,Illinois,US,32,0,2,30
03/13/2020,Illinois,US,46,0,2,44
03/14/2020,Illinois,US,64,0,2,62
03/15/2020,Illinois,US,93,0,2,91
03/16/2020,Illinois,US,105,0,2,103
03/17/2020,Illinois,US,161,1,2,158
03/18/2020,Illinois,US,162,1,0,161
03/19/2020,Illinois,US,422,4,0,418
03/20/2020,Illinois,US,585,5,0,580
03/21/2020,Illinois,US,753,6,0,747
03/22/2020,Illinois,US,1049,9,0,1040
03/23/2020,Illinois,US,1285,12,0,1273
03/24/2020,Illinois,US,1537,16,0,1521
03/25/2020,Illinois,US,1865,19,0,1846
03/26/2020,Illinois,US,2538,26,0,2512
03/27/2020,Illinois,US,3024,34,0,2990
03/28/2020,Illinois,US,3491,47,0,3444
03/29/2020,Illinois,US,4596,66,0,4530
03/30/2020,Illinois,US,5056,73,0,4983
03/31/2020,Illinois,US,5994,99,0,5895
04/01/2020,Illinois,US,6980,141,0,6839
04/02/2020,Illinois,US,7695,163,0,7532
04/03/2020,Illinois,US,8904,210,0,8694
04/04/2020,Illinois,US,10357,244,0,10113
04/05/2020,Illinois,US,11259,274,0,10985
04/06/2020,Illinois,US,12262,307,0,11955
04/07/2020,Illinois,US,12271,308,0,11963
04/08/2020,Illinois,US,15078,462,0,14616
04/09/2020,Illinois,US,15079,462,0,14617
04/10/2020,Illinois,US,17887,597,0,17290
04/11/2020,Illinois,US,19180,677,0,18503
04/12/2020,Illinois,US,20852,720,0,20132
04/13/2020,Illinois,US,22025,798,0,21227
04/14/2020,Illinois,US,23248,868,0,22380
04/15/2020,Illinois,US,24593,949,0,23644
04/16/2020,Illinois,US,25734,1072,0,24662
04/17/2020,Illinois,US,27578,1132,0,26446
04/18/2020,Illinois,US,29160,1259,0,27901
04/19/2020,Illinois,US,30357,1290,0,29067
04/20/2020,Illinois,US,31513,1349,0,30164
04/21/2020,Illinois,US,33059,1468,0,31591
04/22/2020,Illinois,US,35107,1565,0,33542
04/23/2020,Illinois,US,36937,1688,0,35249
03/10/2020,Indiana,US,6,0,0,6
03/11/2020,Indiana,US,11,0,0,11
03/12/2020,Indiana,US,13,0,0,13
03/13/2020,Indiana,US,13,0,0,13
03/14/2020,Indiana,US,16,0,0,16
03/15/2020,Indiana,US,20,0,0,20
03/16/2020,Indiana,US,25,1,0,24
03/17/2020,Indiana,US,30,2,0,28
03/18/2020,Indiana,US,39,2,0,37
03/19/2020,Indiana,US,60,2,0,58
03/20/2020,Indiana,US,86,2,0,84
03/21/2020,Indiana,US,128,4,0,124
03/22/2020,Indiana,US,204,6,0,198
03/23/2020,Indiana,US,270,7,0,263
03/24/2020,Indiana,US,368,12,0,356
03/25/2020,Indiana,US,477,14,0,463
03/26/2020,Indiana,US,645,17,0,628
03/27/2020,Indiana,US,979,25,0,954
03/28/2020,Indiana,US,1233,31,0,1202
03/29/2020,Indiana,US,1513,32,0,1481
03/30/2020,Indiana,US,1786,35,0,1751
03/31/2020,Indiana,US,2158,49,0,2109
04/01/2020,Indiana,US,2564,65,0,2499
04/02/2020,Indiana,US,3038,78,0,2960
04/03/2020,Indiana,US,3437,102,0,3335
04/04/2020,Indiana,US,3953,116,0,3837
04/05/2020,Indiana,US,4411,127,0,4284
04/06/2020,Indiana,US,4956,143,0,4813
04/07/2020,Indiana,US,5510,173,0,5337
04/08/2020,Indiana,US,5943,203,0,5740
04/09/2020,Indiana,US,6351,245,0,6106
04/10/2020,Indiana,US,6907,300,0,6607
04/11/2020,Indiana,US,7435,330,0,7105
04/12/2020,Indiana,US,7928,343,0,7585
04/13/2020,Indiana,US,8359,350,0,8009
04/14/2020,Indiana,US,8527,387,0,8140
04/15/2020,Indiana,US,8960,436,0,8524
04/16/2020,Indiana,US,9542,477,0,9065
04/17/2020,Indiana,US,10154,522,0,9632
04/18/2020,Indiana,US,10641,545,0,10096
04/19/2020,Indiana,US,11211,562,0,10649
04/20/2020,Indiana,US,11688,577,0,11111
04/21/2020,Indiana,US,12097,635,0,11462
04/22/2020,Indiana,US,12438,666,0,11772
04/23/2020,Indiana,US,13039,706,0,12333
03/10/2020,Iowa,US,8,0,0,8
03/11/2020,Iowa,US,13,0,0,13
03/12/2020,Iowa,US,16,0,0,16
03/13/2020,Iowa,US,17,0,0,17
03/14/2020,Iowa,US,17,0,0,17
03/15/2020,Iowa,US,18,0,0,18
03/16/2020,Iowa,US,23,0,0,23
03/17/2020,Iowa,US,23,0,0,23
03/18/2020,Iowa,US,29,0,0,29
03/19/2020,Iowa,US,44,0,0,44
03/20/2020,Iowa,US,45,0,0,45
03/21/2020,Iowa,US,68,0,0,68
03/22/2020,Iowa,US,90,0,0,90
03/23/2020,Iowa,US,105,0,0,105
03/24/2020,Iowa,US,124,0,0,124
03/25/2020,Iowa,US,146,1,0,145
03/26/2020,Iowa,US,179,1,0,178
03/27/2020,Iowa,US,235,3,0,232
03/28/2020,Iowa,US,298,3,0,295
03/29/2020,Iowa,US,336,4,0,332
03/30/2020,Iowa,US,424,6,0,418
03/31/2020,Iowa,US,497,7,0,490
04/01/2020,Iowa,US,547,9,0,538
04/02/2020,Iowa,US,614,11,0,603
04/03/2020,Iowa,US,699,11,0,688
04/04/2020,Iowa,US,787,14,0,773
04/05/2020,Iowa,US,869,18,0,851
04/06/2020,Iowa,US,946,25,0,921
04/07/2020,Iowa,US,1046,25,0,1021
04/08/2020,Iowa,US,1145,27,0,1118
04/09/2020,Iowa,US,1270,29,0,1241
04/10/2020,Iowa,US,1388,31,0,1357
04/11/2020,Iowa,US,1510,34,0,1476
04/12/2020,Iowa,US,1587,41,0,1546
04/13/2020,Iowa,US,1710,41,0,1669
04/14/2020,Iowa,US,1899,49,0,1850
04/15/2020,Iowa,US,1995,53,0,1942
04/16/2020,Iowa,US,2141,60,0,2081
04/17/2020,Iowa,US,2332,64,0,2268
04/18/2020,Iowa,US,2513,74,0,2439
04/19/2020,Iowa,US,2902,75,0,2827
04/20/2020,Iowa,US,3159,79,0,3080
04/21/2020,Iowa,US,3641,83,0,3558
04/22/2020,Iowa,US,3748,90,0,3658
04/23/2020,Iowa,US,3924,96,0,3828
03/10/2020,Kansas,US,1,0,0,1
03/11/2020,Kansas,US,1,0,0,1
03/12/2020,Kansas,US,1,0,0,1
03/13/2020,Kansas,US,5,1,0,4
03/14/2020,Kansas,US,8,1,0,7
03/15/2020,Kansas,US,8,1,0,7
03/16/2020,Kansas,US,11,1,0,10
03/17/2020,Kansas,US,18,1,0,17
03/18/2020,Kansas,US,18,1,0,17
03/19/2020,Kansas,US,34,1,0,33
03/20/2020,Kansas,US,44,1,0,43
03/21/2020,Kansas,US,57,2,0,55
03/22/2020,Kansas,US,65,2,0,63
03/23/2020,Kansas,US,84,2,0,82
03/24/2020,Kansas,US,100,2,0,98
03/25/2020,Kansas,US,134,3,0,131
03/26/2020,Kansas,US,172,3,0,169
03/27/2020,Kansas,US,206,4,0,202
03/28/2020,Kansas,US,266,4,0,262
03/29/2020,Kansas,US,330,7,0,323
03/30/2020,Kansas,US,372,8,0,364
03/31/2020,Kansas,US,434,9,0,425
04/01/2020,Kansas,US,485,10,0,475
04/02/2020,Kansas,US,553,12,0,541
04/03/2020,Kansas,US,629,18,0,611
04/04/2020,Kansas,US,698,21,0,677
04/05/2020,Kansas,US,751,22,0,729
04/06/2020,Kansas,US,849,25,0,824
04/07/2020,Kansas,US,912,29,0,883
04/08/2020,Kansas,US,1046,34,0,1012
04/09/2020,Kansas,US,1116,42,0,1074
04/10/2020,Kansas,US,1117,42,0,1075
04/11/2020,Kansas,US,1275,55,0,1220
04/12/2020,Kansas,US,1344,56,0,1288
04/13/2020,Kansas,US,1390,62,0,1328
04/14/2020,Kansas,US,1441,69,0,1372
04/15/2020,Kansas,US,1504,71,0,1433
04/16/2020,Kansas,US,1615,80,0,1535
04/17/2020,Kansas,US,1730,82,0,1648
04/18/2020,Kansas,US,1821,85,0,1736
04/19/2020,Kansas,US,1905,93,0,1812
04/20/2020,Kansas,US,2048,102,0,1946
04/21/2020,Kansas,US,2164,109,0,2055
04/22/2020,Kansas,US,2331,112,0,2219
04/23/2020,Kansas,US,2721,113,0,2608
03/10/2020,Kentucky,US,6,0,0,6
03/11/2020,Kentucky,US,8,0,0,8
03/12/2020,Kentucky,US,10,0,0,10
03/13/2020,Kentucky,US,14,0,0,14
03/14/2020,Kentucky,US,14,0,0,14
03/15/2020,Kentucky,US,20,0,0,20
03/16/2020,Kentucky,US,21,1,1,19
03/17/2020,Kentucky,US,26,1,1,24
03/18/2020,Kentucky,US,27,1,0,26
03/19/2020,Kentucky,US,37,2,0,35
03/20/2020,Kentucky,US,47,2,0,45
03/21/2020,Kentucky,US,87,3,0,84
03/22/2020,Kentucky,US,103,3,0,100
03/23/2020,Kentucky,US,123,4,0,119
03/24/2020,Kentucky,US,162,4,0,158
03/25/2020,Kentucky,US,197,5,0,192
03/26/2020,Kentucky,US,247,5,0,242
03/27/2020,Kentucky,US,301,7,0,294
03/28/2020,Kentucky,US,380,9,0,371
03/29/2020,Kentucky,US,438,9,0,429
03/30/2020,Kentucky,US,479,11,0,468
03/31/2020,Kentucky,US,628,11,0,617
04/01/2020,Kentucky,US,632,18,0,614
04/02/2020,Kentucky,US,770,31,0,739
04/03/2020,Kentucky,US,770,34,0,736
04/04/2020,Kentucky,US,917,40,0,877
04/05/2020,Kentucky,US,955,45,0,910
04/06/2020,Kentucky,US,955,45,0,910
04/07/2020,Kentucky,US,1149,65,0,1084
04/08/2020,Kentucky,US,1149,65,0,1084
04/09/2020,Kentucky,US,1341,73,0,1268
04/10/2020,Kentucky,US,1693,90,0,1603
04/11/2020,Kentucky,US,1693,90,0,1603
04/12/2020,Kentucky,US,1963,97,0,1866
04/13/2020,Kentucky,US,2018,113,0,1905
04/14/2020,Kentucky,US,2048,106,0,1942
04/15/2020,Kentucky,US,2210,115,0,2095
04/16/2020,Kentucky,US,2435,129,0,2306
04/17/2020,Kentucky,US,2522,137,0,2385
04/18/2020,Kentucky,US,2707,144,0,2563
04/19/2020,Kentucky,US,2960,146,0,2814
04/20/2020,Kentucky,US,3050,154,0,2896
04/21/2020,Kentucky,US,3204,171,0,3033
04/22/2020,Kentucky,US,3378,185,0,3193
04/23/2020,Kentucky,US,3479,191,0,3288
03/10/2020,Louisiana,US,1,0,0,1
03/11/2020,Louisiana,US,6,0,0,6
03/12/2020,Louisiana,US,19,0,0,19
03/13/2020,Louisiana,US,36,0,0,36
03/14/2020,Louisiana,US,77,1,0,76
03/15/2020,Louisiana,US,91,2,0,89
03/16/2020,Louisiana,US,136,3,0,133
03/17/2020,Louisiana,US,196,4,0,192
03/18/2020,Louisiana,US,257,4,0,253
03/19/2020,Louisiana,US,392,10,0,382
03/20/2020,Louisiana,US,538,14,0,524
03/21/2020,Louisiana,US,585,16,0,569
03/22/2020,Louisiana,US,837,20,0,817
03/23/2020,Louisiana,US,1172,35,0,1137
03/24/2020,Louisiana,US,1388,46,0,1342
03/25/2020,Louisiana,US,1795,65,0,1730
03/26/2020,Louisiana,US,2304,83,0,2221
03/27/2020,Louisiana,US,2744,119,0,2625
03/28/2020,Louisiana,US,3315,137,0,3178
03/29/2020,Louisiana,US,3540,151,0,3389
03/30/2020,Louisiana,US,4025,185,0,3840
03/31/2020,Louisiana,US,5237,239,0,4998
04/01/2020,Louisiana,US,6424,273,0,6151
04/02/2020,Louisiana,US,9149,310,0,8839
04/03/2020,Louisiana,US,10297,370,0,9927
04/04/2020,Louisiana,US,12496,409,0,12087
04/05/2020,Louisiana,US,13010,477,0,12533
04/06/2020,Louisiana,US,14867,512,0,14355
04/07/2020,Louisiana,US,16284,582,0,15702
04/08/2020,Louisiana,US,17030,652,0,16378
04/09/2020,Louisiana,US,18283,702,0,17581
04/10/2020,Louisiana,US,19253,755,0,18498
04/11/2020,Louisiana,US,20014,806,0,19208
04/12/2020,Louisiana,US,20595,840,0,19755
04/13/2020,Louisiana,US,21016,884,0,20132
04/14/2020,Louisiana,US,21518,1013,0,20505
04/15/2020,Louisiana,US,21951,1103,0,20848
04/16/2020,Louisiana,US,22532,1156,0,21376
04/17/2020,Louisiana,US,23118,1213,0,21905
04/18/2020,Louisiana,US,23580,1267,0,22313
04/19/2020,Louisiana,US,23928,1296,0,22632
04/20/2020,Louisiana,US,24523,1328,0,23195
04/21/2020,Louisiana,US,24854,1405,0,23449
04/22/2020,Louisiana,US,25258,1473,0,23785
04/23/2020,Louisiana,US,25739,1599,0,24140
03/10/2020,Maine,US,0,0,0,0
03/11/2020,Maine,US,0,0,0,0
03/12/2020,Maine,US,0,0,0,0
03/13/2020,Maine,US,1,0,0,1
03/14/2020,Maine,US,3,0,0,3
03/15/2020,Maine,US,12,0,0,12
03/16/2020,Maine,US,17,0,0,17
03/17/2020,Maine,US,32,0,0,32
03/18/2020,Maine,US,42,0,0,42
03/19/2020,Maine,US,52,0,0,52
03/20/2020,Maine,US,56,0,0,56
03/21/2020,Maine,US,70,0,0,70
03/22/2020,Maine,US,89,0,0,89
03/23/2020,Maine,US,107,0,0,107
03/24/2020,Maine,US,118,0,0,118
03/25/2020,Maine,US,142,0,0,142
03/26/2020,Maine,US,155,0,0,155
03/27/2020,Maine,US,168,1,0,167
03/28/2020,Maine,US,211,1,0,210
03/29/2020,Maine,US,253,3,0,250
03/30/2020,Maine,US,275,3,0,272
03/31/2020,Maine,US,303,5,0,298
04/01/2020,Maine,US,303,5,0,298
04/02/2020,Maine,US,376,7,0,369
04/03/2020,Maine,US,432,9,0,423
04/04/2020,Maine,US,456,10,0,446
04/05/2020,Maine,US,470,10,0,460
04/06/2020,Maine,US,499,10,0,489
04/07/2020,Maine,US,519,12,0,507
04/08/2020,Maine,US,537,14,0,523
04/09/2020,Maine,US,560,16,0,544
04/10/2020,Maine,US,586,17,0,569
04/11/2020,Maine,US,616,19,0,597
04/12/2020,Maine,US,633,19,0,614
04/13/2020,Maine,US,698,19,0,679
04/14/2020,Maine,US,735,20,0,715
04/15/2020,Maine,US,770,24,0,746
04/16/2020,Maine,US,796,27,0,769
04/17/2020,Maine,US,827,29,0,798
04/18/2020,Maine,US,847,32,0,815
04/19/2020,Maine,US,867,34,0,833
04/20/2020,Maine,US,875,35,0,840
04/21/2020,Maine,US,888,36,0,852
04/22/2020,Maine,US,907,39,0,868
04/23/2020,Maine,US,937,44,0,893
03/10/2020,Maryland,US,8,0,0,8
03/11/2020,Maryland,US,9,0,0,9
03/12/2020,Maryland,US,12,0,0,12
03/13/2020,Maryland,US,18,0,0,18
03/14/2020,Maryland,US,26,0,0,26
03/15/2020,Maryland,US,32,0,0,32
03/16/2020,Maryland,US,41,0,3,38
03/17/2020,Maryland,US,60,0,3,57
03/18/2020,Maryland,US,85,0,0,85
03/19/2020,Maryland,US,107,1,0,106
03/20/2020,Maryland,US,149,1,0,148
03/21/2020,Maryland,US,193,2,0,191
03/22/2020,Maryland,US,244,3,0,241
03/23/2020,Maryland,US,290,3,0,287
03/24/2020,Maryland,US,349,4,0,345
03/25/2020,Maryland,US,425,4,0,421
03/26/2020,Maryland,US,583,4,0,579
03/27/2020,Maryland,US,775,5,0,770
03/28/2020,Maryland,US,995,5,0,990
03/29/2020,Maryland,US,1239,10,0,1229
03/30/2020,Maryland,US,1413,15,0,1398
03/31/2020,Maryland,US,1660,18,0,1642
04/01/2020,Maryland,US,1986,31,0,1955
04/02/2020,Maryland,US,2331,36,0,2295
04/03/2020,Maryland,US,2758,43,0,2715
04/04/2020,Maryland,US,3125,54,0,3071
04/05/2020,Maryland,US,3617,67,0,3550
04/06/2020,Maryland,US,4045,91,0,3954
04/07/2020,Maryland,US,4371,103,0,4268
04/08/2020,Maryland,US,5529,124,0,5405
04/09/2020,Maryland,US,6185,138,0,6047
04/10/2020,Maryland,US,6968,171,0,6797
04/11/2020,Maryland,US,7694,206,0,7488
04/12/2020,Maryland,US,8225,236,0,7989
04/13/2020,Maryland,US,8936,262,0,8674
04/14/2020,Maryland,US,9472,302,0,9170
04/15/2020,Maryland,US,10032,311,0,9721
04/16/2020,Maryland,US,10784,319,0,10465
04/17/2020,Maryland,US,11572,334,0,11238
04/18/2020,Maryland,US,12326,421,0,11905
04/19/2020,Maryland,US,12847,461,0,12386
04/20/2020,Maryland,US,13684,582,0,13102
04/21/2020,Maryland,US,14193,652,0,13541
04/22/2020,Maryland,US,14775,698,0,14077
04/23/2020,Maryland,US,15737,748,0,14989
03/10/2020,Massachusetts,US,92,0,1,91
03/11/2020,Massachusetts,US,95,0,1,94
03/12/2020,Massachusetts,US,108,0,1,107
03/13/2020,Massachusetts,US,123,0,1,122
03/14/2020,Massachusetts,US,138,0,1,137
03/15/2020,Massachusetts,US,164,0,1,163
03/16/2020,Massachusetts,US,197,0,1,196
03/17/2020,Massachusetts,US,218,0,1,217
03/18/2020,Massachusetts,US,218,0,0,218
03/19/2020,Massachusetts,US,328,0,0,328
03/20/2020,Massachusetts,US,413,1,0,412
03/21/2020,Massachusetts,US,525,1,0,524
03/22/2020,Massachusetts,US,646,5,0,641
03/23/2020,Massachusetts,US,777,9,0,768
03/24/2020,Massachusetts,US,1159,11,0,1148
03/25/2020,Massachusetts,US,1838,15,0,1823
03/26/2020,Massachusetts,US,2417,25,0,2392
03/27/2020,Massachusetts,US,3240,35,0,3205
03/28/2020,Massachusetts,US,4257,44,0,4213
03/29/2020,Massachusetts,US,4955,48,0,4907
03/30/2020,Massachusetts,US,5752,56,0,5696
03/31/2020,Massachusetts,US,6620,89,0,6531
04/01/2020,Massachusetts,US,7738,122,0,7616
04/02/2020,Massachusetts,US,8966,154,0,8812
04/03/2020,Massachusetts,US,10402,192,0,10210
04/04/2020,Massachusetts,US,11736,216,0,11520
04/05/2020,Massachusetts,US,12500,231,0,12269
04/06/2020,Massachusetts,US,13837,260,0,13577
04/07/2020,Massachusetts,US,15202,356,0,14846
04/08/2020,Massachusetts,US,16790,433,0,16357
04/09/2020,Massachusetts,US,18941,503,0,18438
04/10/2020,Massachusetts,US,20974,599,0,20375
04/11/2020,Massachusetts,US,22860,686,0,22174
04/12/2020,Massachusetts,US,25475,756,0,24719
04/13/2020,Massachusetts,US,26867,844,0,26023
04/14/2020,Massachusetts,US,28164,844,0,27320
04/15/2020,Massachusetts,US,29918,1108,0,28810
04/16/2020,Massachusetts,US,32181,1108,0,31073
04/17/2020,Massachusetts,US,34402,1245,0,33157
04/18/2020,Massachusetts,US,36372,1404,0,34968
04/19/2020,Massachusetts,US,38077,1706,0,36371
04/20/2020,Massachusetts,US,38077,1706,0,36371
04/21/2020,Massachusetts,US,41199,1961,0,39238
04/22/2020,Massachusetts,US,42944,2182,0,40762
04/23/2020,Massachusetts,US,46023,2360,0,43663
03/10/2020,Michigan,US,0,0,0,0
03/11/2020,Michigan,US,2,0,0,2
03/12/2020,Michigan,US,2,0,0,2
03/13/2020,Michigan,US,16,0,0,16
03/14/2020,Michigan,US,25,0,0,25
03/15/2020,Michigan,US,33,0,0,33
03/16/2020,Michigan,US,53,0,0,53
03/17/2020,Michigan,US,65,0,0,65
03/18/2020,Michigan,US,83,0,0,83
03/19/2020,Michigan,US,334,3,0,331
03/20/2020,Michigan,US,552,3,0,549
03/21/2020,Michigan,US,788,5,0,783
03/22/2020,Michigan,US,1035,9,0,1026
03/23/2020,Michigan,US,1329,15,0,1314
03/24/2020,Michigan,US,1793,24,0,1769
03/25/2020,Michigan,US,2296,43,0,2253
03/26/2020,Michigan,US,2845,61,0,2784
03/27/2020,Michigan,US,3634,92,0,3542
03/28/2020,Michigan,US,4650,111,0,4539
03/29/2020,Michigan,US,5488,132,0,5356
03/30/2020,Michigan,US,6498,184,0,6314
03/31/2020,Michigan,US,7615,259,0,7356
04/01/2020,Michigan,US,9315,335,0,8980
04/02/2020,Michigan,US,10791,417,0,10374
04/03/2020,Michigan,US,12744,479,0,12265
04/04/2020,Michigan,US,14225,540,0,13685
04/05/2020,Michigan,US,15718,617,0,15101
04/06/2020,Michigan,US,17221,727,0,16494
04/07/2020,Michigan,US,18970,845,0,18125
04/08/2020,Michigan,US,20346,959,0,19387
04/09/2020,Michigan,US,21504,1076,0,20428
04/10/2020,Michigan,US,22434,1276,0,21158
04/11/2020,Michigan,US,23605,1384,0,22221
04/12/2020,Michigan,US,24244,1479,0,22765
04/13/2020,Michigan,US,25635,1602,0,24033
04/14/2020,Michigan,US,27001,1768,0,25233
04/15/2020,Michigan,US,28059,1921,0,26138
04/16/2020,Michigan,US,28809,1996,0,26813
04/17/2020,Michigan,US,30023,2227,0,27796
04/18/2020,Michigan,US,30791,2308,0,28483
04/19/2020,Michigan,US,31424,2391,0,29033
04/20/2020,Michigan,US,32000,2468,0,29532
04/21/2020,Michigan,US,32667,2575,0,30092
04/22/2020,Michigan,US,33966,2813,0,31153
04/23/2020,Michigan,US,35296,2977,0,32319
03/10/2020,Minnesota,US,3,0,0,3
03/11/2020,Minnesota,US,5,0,0,5
03/12/2020,Minnesota,US,9,0,0,9
03/13/2020,Minnesota,US,14,0,0,14
03/14/2020,Minnesota,US,21,0,0,21
03/15/2020,Minnesota,US,35,0,0,35
03/16/2020,Minnesota,US,54,0,0,54
03/17/2020,Minnesota,US,60,0,0,60
03/18/2020,Minnesota,US,77,0,0,77
03/19/2020,Minnesota,US,89,0,0,89
03/20/2020,Minnesota,US,115,0,0,115
03/21/2020,Minnesota,US,138,1,0,137
03/22/2020,Minnesota,US,167,1,0,166
03/23/2020,Minnesota,US,234,1,0,233
03/24/2020,Minnesota,US,261,1,0,260
03/25/2020,Minnesota,US,286,1,0,285
03/26/2020,Minnesota,US,344,2,0,342
03/27/2020,Minnesota,US,396,4,0,392
03/28/2020,Minnesota,US,441,5,0,436
03/29/2020,Minnesota,US,503,9,0,494
03/30/2020,Minnesota,US,576,10,0,566
03/31/2020,Minnesota,US,629,12,0,617
04/01/2020,Minnesota,US,689,17,0,672
04/02/2020,Minnesota,US,742,18,0,724
04/03/2020,Minnesota,US,788,22,0,766
04/04/2020,Minnesota,US,865,24,0,841
04/05/2020,Minnesota,US,935,29,0,906
04/06/2020,Minnesota,US,986,30,0,956
04/07/2020,Minnesota,US,1069,34,0,1035
04/08/2020,Minnesota,US,1154,39,0,1115
04/09/2020,Minnesota,US,1240,50,0,1190
04/10/2020,Minnesota,US,1336,57,0,1279
04/11/2020,Minnesota,US,1427,64,0,1363
04/12/2020,Minnesota,US,1621,70,0,1551
04/13/2020,Minnesota,US,1621,70,0,1551
04/14/2020,Minnesota,US,1695,79,0,1616
04/15/2020,Minnesota,US,1809,87,0,1722
04/16/2020,Minnesota,US,1809,87,0,1722
04/17/2020,Minnesota,US,2070,111,0,1959
04/18/2020,Minnesota,US,2209,121,0,2088
04/19/2020,Minnesota,US,2356,134,0,2222
04/20/2020,Minnesota,US,2470,143,0,2327
04/21/2020,Minnesota,US,2567,160,0,2407
04/22/2020,Minnesota,US,2722,179,0,2543
04/23/2020,Minnesota,US,2942,200,0,2742
03/10/2020,Mississippi,US,0,0,0,0
03/11/2020,Mississippi,US,0,0,0,0
03/12/2020,Mississippi,US,1,0,0,1
03/13/2020,Mississippi,US,1,0,0,1
03/14/2020,Mississippi,US,6,0,0,6
03/15/2020,Mississippi,US,10,0,0,10
03/16/2020,Mississippi,US,13,0,0,13
03/17/2020,Mississippi,US,21,0,0,21
03/18/2020,Mississippi,US,34,0,0,34
03/19/2020,Mississippi,US,50,1,0,49
03/20/2020,Mississippi,US,80,1,0,79
03/21/2020,Mississippi,US,140,1,0,139
03/22/2020,Mississippi,US,207,1,0,206
03/23/2020,Mississippi,US,249,1,0,248
03/24/2020,Mississippi,US,320,1,0,319
03/25/2020,Mississippi,US,377,3,0,374
03/26/2020,Mississippi,US,485,6,0,479
03/27/2020,Mississippi,US,579,8,0,571
03/28/2020,Mississippi,US,663,13,0,650
03/29/2020,Mississippi,US,759,14,0,745
03/30/2020,Mississippi,US,847,16,0,831
03/31/2020,Mississippi,US,937,20,0,917
04/01/2020,Mississippi,US,1073,22,0,1051
04/02/2020,Mississippi,US,1177,26,0,1151
04/03/2020,Mississippi,US,1358,29,0,1329
04/04/2020,Mississippi,US,1455,35,0,1420
04/05/2020,Mississippi,US,1638,43,0,1595
04/06/2020,Mississippi,US,1738,51,0,1687
04/07/2020,Mississippi,US,1915,60,0,1855
04/08/2020,Mississippi,US,2003,67,0,1936
04/09/2020,Mississippi,US,2260,76,0,2184
04/10/2020,Mississippi,US,2469,82,0,2387
04/11/2020,Mississippi,US,2642,93,0,2549
04/12/2020,Mississippi,US,2781,96,0,2685
04/13/2020,Mississippi,US,2942,98,0,2844
04/14/2020,Mississippi,US,3087,111,0,2976
04/15/2020,Mississippi,US,3360,122,0,3238
04/16/2020,Mississippi,US,3624,129,0,3495
04/17/2020,Mississippi,US,3793,140,0,3653
04/18/2020,Mississippi,US,3974,152,0,3822
04/19/2020,Mississippi,US,4274,159,0,4115
04/20/2020,Mississippi,US,4512,169,0,4343
04/21/2020,Mississippi,US,4716,183,0,4533
04/22/2020,Mississippi,US,4894,193,0,4701
04/23/2020,Mississippi,US,5153,201,0,4952
03/10/2020,Missouri,US,1,0,0,1
03/11/2020,Missouri,US,1,0,0,1
03/12/2020,Missouri,US,1,0,0,1
03/13/2020,Missouri,US,2,0,0,2
03/14/2020,Missouri,US,4,0,0,4
03/15/2020,Missouri,US,5,0,0,5
03/16/2020,Missouri,US,6,0,0,6
03/17/2020,Missouri,US,11,0,0,11
03/18/2020,Missouri,US,18,0,0,18
03/19/2020,Missouri,US,31,1,0,30
03/20/2020,Missouri,US,53,2,0,51
03/21/2020,Missouri,US,74,3,0,71
03/22/2020,Missouri,US,87,3,0,84
03/23/2020,Missouri,US,187,4,0,183
03/24/2020,Missouri,US,257,7,0,250
03/25/2020,Missouri,US,354,8,0,346
03/26/2020,Missouri,US,520,9,0,511
03/27/2020,Missouri,US,666,9,0,657
03/28/2020,Missouri,US,836,10,0,826
03/29/2020,Missouri,US,915,13,0,902
03/30/2020,Missouri,US,1051,13,0,1038
03/31/2020,Missouri,US,1357,15,0,1342
04/01/2020,Missouri,US,1613,18,0,1595
04/02/2020,Missouri,US,1857,22,0,1835
04/03/2020,Missouri,US,1864,25,0,1839
04/04/2020,Missouri,US,2310,33,0,2277
04/05/2020,Missouri,US,2347,44,0,2303
04/06/2020,Missouri,US,2736,47,0,2689
04/07/2020,Missouri,US,3130,65,0,3065
04/08/2020,Missouri,US,3209,86,0,3123
04/09/2020,Missouri,US,3432,93,0,3339
04/10/2020,Missouri,US,3897,99,0,3798
04/11/2020,Missouri,US,4108,116,0,3992
04/12/2020,Missouri,US,4269,118,0,4151
04/13/2020,Missouri,US,4515,123,0,4392
04/14/2020,Missouri,US,4746,149,0,4597
04/15/2020,Missouri,US,4791,153,0,4638
04/16/2020,Missouri,US,5174,169,0,5005
04/17/2020,Missouri,US,5371,184,0,5187
04/18/2020,Missouri,US,5579,197,0,5382
04/19/2020,Missouri,US,5743,199,0,5544
04/20/2020,Missouri,US,5890,200,0,5690
04/21/2020,Missouri,US,6066,224,0,5842
04/22/2020,Missouri,US,6277,238,0,6039
04/23/2020,Missouri,US,6506,252,0,6254
03/10/2020,Montana,US,0,0,0,0
03/11/2020,Montana,US,1,0,0,1
03/12/2020,Montana,US,1,0,0,1
03/13/2020,Montana,US,1,0,0,1
03/14/2020,Montana,US,5,0,0,5
03/15/2020,Montana,US,7,0,0,7
03/16/2020,Montana,US,7,0,0,7
03/17/2020,Montana,US,9,0,0,9
03/18/2020,Montana,US,11,0,0,11
03/19/2020,Montana,US,11,0,0,11
03/20/2020,Montana,US,15,0,0,15
03/21/2020,Montana,US,21,0,0,21
03/22/2020,Montana,US,34,0,0,34
03/23/2020,Montana,US,34,0,0,34
03/24/2020,Montana,US,51,0,0,51
03/25/2020,Montana,US,65,0,0,65
03/26/2020,Montana,US,90,0,0,90
03/27/2020,Montana,US,109,1,0,108
03/28/2020,Montana,US,129,1,0,128
03/29/2020,Montana,US,154,1,0,153
03/30/2020,Montana,US,171,5,0,166
03/31/2020,Montana,US,198,5,0,193
04/01/2020,Montana,US,208,6,0,202
04/02/2020,Montana,US,241,6,0,235
04/03/2020,Montana,US,243,5,0,238
04/04/2020,Montana,US,265,6,0,259
04/05/2020,Montana,US,286,6,0,280
04/06/2020,Montana,US,299,6,0,293
04/07/2020,Montana,US,319,6,0,313
04/08/2020,Montana,US,332,6,0,326
04/09/2020,Montana,US,354,6,0,348
04/10/2020,Montana,US,365,6,0,359
04/11/2020,Montana,US,377,6,0,371
04/12/2020,Montana,US,387,6,0,381
04/13/2020,Montana,US,394,7,0,387
04/14/2020,Montana,US,399,7,0,392
04/15/2020,Montana,US,404,7,0,397
04/16/2020,Montana,US,415,7,0,408
04/17/2020,Montana,US,422,8,0,414
04/18/2020,Montana,US,426,10,0,416
04/19/2020,Montana,US,433,10,0,423
04/20/2020,Montana,US,433,10,0,423
04/21/2020,Montana,US,437,12,0,425
04/22/2020,Montana,US,439,14,0,425
04/23/2020,Montana,US,442,14,0,428
03/10/2020,Nebraska,US,3,0,0,3
03/11/2020,Nebraska,US,5,0,0,5
03/12/2020,Nebraska,US,10,0,0,10
03/13/2020,Nebraska,US,13,0,0,13
03/14/2020,Nebraska,US,14,0,0,14
03/15/2020,Nebraska,US,17,0,0,17
03/16/2020,Nebraska,US,18,0,0,18
03/17/2020,Nebraska,US,21,0,0,21
03/18/2020,Nebraska,US,24,0,0,24
03/19/2020,Nebraska,US,29,0,0,29
03/20/2020,Nebraska,US,37,0,0,37
03/21/2020,Nebraska,US,38,0,0,38
03/22/2020,Nebraska,US,51,0,0,51
03/23/2020,Nebraska,US,51,0,0,51
03/24/2020,Nebraska,US,66,0,0,66
03/25/2020,Nebraska,US,71,0,0,71
03/26/2020,Nebraska,US,74,0,0,74
03/27/2020,Nebraska,US,82,0,0,82
03/28/2020,Nebraska,US,96,2,0,94
03/29/2020,Nebraska,US,108,2,0,106
03/30/2020,Nebraska,US,145,2,0,143
03/31/2020,Nebraska,US,172,3,0,169
04/01/2020,Nebraska,US,210,4,0,206
04/02/2020,Nebraska,US,246,5,0,241
04/03/2020,Nebraska,US,279,6,0,273
04/04/2020,Nebraska,US,321,6,0,315
04/05/2020,Nebraska,US,364,8,0,356
04/06/2020,Nebraska,US,417,9,0,408
04/07/2020,Nebraska,US,447,10,0,437
04/08/2020,Nebraska,US,519,12,0,507
04/09/2020,Nebraska,US,568,14,0,554
04/10/2020,Nebraska,US,635,15,0,620
04/11/2020,Nebraska,US,699,17,0,682
04/12/2020,Nebraska,US,791,17,0,774
04/13/2020,Nebraska,US,814,17,0,797
04/14/2020,Nebraska,US,897,20,0,877
04/15/2020,Nebraska,US,901,20,0,881
04/16/2020,Nebraska,US,952,21,0,931
04/17/2020,Nebraska,US,1066,24,0,1042
04/18/2020,Nebraska,US,1249,24,0,1225
04/19/2020,Nebraska,US,1474,28,0,1446
04/20/2020,Nebraska,US,1648,33,0,1615
04/21/2020,Nebraska,US,1685,33,0,1652
04/22/2020,Nebraska,US,1813,38,0,1775
04/23/2020,Nebraska,US,2202,47,0,2155
03/10/2020,Nevada,US,4,0,0,4
03/11/2020,Nevada,US,7,0,0,7
03/12/2020,Nevada,US,14,0,0,14
03/13/2020,Nevada,US,17,0,0,17
03/14/2020,Nevada,US,21,0,0,21
03/15/2020,Nevada,US,24,0,0,24
03/16/2020,Nevada,US,45,1,0,44
03/17/2020,Nevada,US,56,1,0,55
03/18/2020,Nevada,US,55,1,0,54
03/19/2020,Nevada,US,95,1,0,94
03/20/2020,Nevada,US,114,1,0,113
03/21/2020,Nevada,US,161,2,0,159
03/22/2020,Nevada,US,190,2,0,188
03/23/2020,Nevada,US,245,4,0,241
03/24/2020,Nevada,US,278,4,0,274
03/25/2020,Nevada,US,323,6,0,317
03/26/2020,Nevada,US,420,10,0,410
03/27/2020,Nevada,US,536,10,0,526
03/28/2020,Nevada,US,626,10,0,616
03/29/2020,Nevada,US,920,15,0,905
03/30/2020,Nevada,US,1012,15,0,997
03/31/2020,Nevada,US,1114,26,0,1088
04/01/2020,Nevada,US,1279,31,0,1248
04/02/2020,Nevada,US,1463,38,0,1425
04/03/2020,Nevada,US,1514,43,0,1471
04/04/2020,Nevada,US,1742,46,0,1696
04/05/2020,Nevada,US,1855,46,0,1809
04/06/2020,Nevada,US,1953,46,0,1907
04/07/2020,Nevada,US,2124,72,0,2052
04/08/2020,Nevada,US,2259,72,0,2187
04/09/2020,Nevada,US,2456,81,0,2375
04/10/2020,Nevada,US,2722,90,0,2632
04/11/2020,Nevada,US,2702,102,0,2600
04/12/2020,Nevada,US,2836,112,0,2724
04/13/2020,Nevada,US,2990,114,0,2876
04/14/2020,Nevada,US,3134,126,0,3008
04/15/2020,Nevada,US,3211,131,0,3080
04/16/2020,Nevada,US,3214,137,0,3077
04/17/2020,Nevada,US,3524,142,0,3382
04/18/2020,Nevada,US,3626,151,0,3475
04/19/2020,Nevada,US,3728,158,0,3570
04/20/2020,Nevada,US,3830,159,0,3671
04/21/2020,Nevada,US,3937,163,0,3774
04/22/2020,Nevada,US,4081,172,0,3909
04/23/2020,Nevada,US,4208,195,0,4013
03/10/2020,New Hampshire,US,4,0,0,4
03/11/2020,New Hampshire,US,5,0,0,5
03/12/2020,New Hampshire,US,6,0,0,6
03/13/2020,New Hampshire,US,6,0,0,6
03/14/2020,New Hampshire,US,7,0,0,7
03/15/2020,New Hampshire,US,13,0,0,13
03/16/2020,New Hampshire,US,17,0,0,17
03/17/2020,New Hampshire,US,26,0,0,26
03/18/2020,New Hampshire,US,26,0,0,26
03/19/2020,New Hampshire,US,44,0,0,44
03/20/2020,New Hampshire,US,44,0,0,44
03/21/2020,New Hampshire,US,55,0,0,55
03/22/2020,New Hampshire,US,74,0,0,74
03/23/2020,New Hampshire,US,101,1,0,100
03/24/2020,New Hampshire,US,101,1,0,100
03/25/2020,New Hampshire,US,108,1,0,107
03/26/2020,New Hampshire,US,137,1,0,136
03/27/2020,New Hampshire,US,158,1,0,157
03/28/2020,New Hampshire,US,187,2,0,185
03/29/2020,New Hampshire,US,214,2,0,212
03/30/2020,New Hampshire,US,314,3,0,311
03/31/2020,New Hampshire,US,357,3,0,354
04/01/2020,New Hampshire,US,367,3,0,364
04/02/2020,New Hampshire,US,316,3,0,313
04/03/2020,New Hampshire,US,479,5,0,474
04/04/2020,New Hampshire,US,540,7,0,533
04/05/2020,New Hampshire,US,621,9,0,612
04/06/2020,New Hampshire,US,715,9,0,706
04/07/2020,New Hampshire,US,715,9,0,706
04/08/2020,New Hampshire,US,747,13,0,734
04/09/2020,New Hampshire,US,819,21,0,798
04/10/2020,New Hampshire,US,819,21,0,798
04/11/2020,New Hampshire,US,885,22,0,863
04/12/2020,New Hampshire,US,929,23,0,906
04/13/2020,New Hampshire,US,985,23,0,962
04/14/2020,New Hampshire,US,922,25,0,897
04/15/2020,New Hampshire,US,1139,32,0,1107
04/16/2020,New Hampshire,US,1139,32,0,1107
04/17/2020,New Hampshire,US,1287,37,0,1250
04/18/2020,New Hampshire,US,1342,38,0,1304
04/19/2020,New Hampshire,US,1390,38,0,1352
04/20/2020,New Hampshire,US,1447,42,0,1405
04/21/2020,New Hampshire,US,1490,42,0,1448
04/22/2020,New Hampshire,US,1588,48,0,1540
04/23/2020,New Hampshire,US,1670,51,0,1619
03/10/2020,New Jersey,US,15,1,0,14
03/11/2020,New Jersey,US,23,1,0,22
03/12/2020,New Jersey,US,29,1,0,28
03/13/2020,New Jersey,US,29,1,0,28
03/14/2020,New Jersey,US,69,1,0,68
03/15/2020,New Jersey,US,98,2,0,96
03/16/2020,New Jersey,US,178,2,1,175
03/17/2020,New Jersey,US,267,3,1,263
03/18/2020,New Jersey,US,267,3,0,264
03/19/2020,New Jersey,US,742,9,0,733
03/20/2020,New Jersey,US,890,11,0,879
03/21/2020,New Jersey,US,1327,16,0,1311
03/22/2020,New Jersey,US,1914,20,0,1894
03/23/2020,New Jersey,US,2844,27,0,2817
03/24/2020,New Jersey,US,3675,44,0,3631
03/25/2020,New Jersey,US,4402,62,0,4340
03/26/2020,New Jersey,US,6876,81,0,6795
03/27/2020,New Jersey,US,8825,108,0,8717
03/28/2020,New Jersey,US,11124,140,0,10984
03/29/2020,New Jersey,US,13386,161,0,13225
03/30/2020,New Jersey,US,16636,198,0,16438
03/31/2020,New Jersey,US,18696,267,0,18429
04/01/2020,New Jersey,US,22255,355,0,21900
04/02/2020,New Jersey,US,25590,537,0,25053
04/03/2020,New Jersey,US,29895,646,0,29249
04/04/2020,New Jersey,US,34124,846,0,33278
04/05/2020,New Jersey,US,37505,917,0,36588
04/06/2020,New Jersey,US,41090,1003,0,40087
04/07/2020,New Jersey,US,44416,1232,0,43184
04/08/2020,New Jersey,US,47437,1504,0,45933
04/09/2020,New Jersey,US,51027,1709,0,49318
04/10/2020,New Jersey,US,54588,1932,0,52656
04/11/2020,New Jersey,US,58151,2183,0,55968
04/12/2020,New Jersey,US,61850,2350,0,59500
04/13/2020,New Jersey,US,64584,2443,0,62141
04/14/2020,New Jersey,US,68824,2805,0,66019
04/15/2020,New Jersey,US,71030,3156,0,67874
04/16/2020,New Jersey,US,75317,3518,0,71799
04/17/2020,New Jersey,US,78467,3840,0,74627
04/18/2020,New Jersey,US,81420,4070,0,77350
04/19/2020,New Jersey,US,85301,4362,0,80939
04/20/2020,New Jersey,US,88722,4496,0,84226
04/21/2020,New Jersey,US,92387,4753,0,87634
04/22/2020,New Jersey,US,95914,5150,0,90764
04/23/2020,New Jersey,US,100025,5426,0,94599
03/10/2020,New Mexico,US,0,0,0,0
03/11/2020,New Mexico,US,3,0,0,3
03/12/2020,New Mexico,US,5,0,0,5
03/13/2020,New Mexico,US,10,0,0,10
03/14/2020,New Mexico,US,10,0,0,10
03/15/2020,New Mexico,US,13,0,0,13
03/16/2020,New Mexico,US,17,0,0,17
03/17/2020,New Mexico,US,23,0,0,23
03/18/2020,New Mexico,US,23,0,0,23
03/19/2020,New Mexico,US,35,0,0,35
03/20/2020,New Mexico,US,43,0,0,43
03/21/2020,New Mexico,US,43,0,0,43
03/22/2020,New Mexico,US,57,0,0,57
03/23/2020,New Mexico,US,83,0,0,83
03/24/2020,New Mexico,US,100,0,0,100
03/25/2020,New Mexico,US,113,1,0,112
03/26/2020,New Mexico,US,113,1,0,112
03/27/2020,New Mexico,US,136,1,0,135
03/28/2020,New Mexico,US,208,1,0,207
03/29/2020,New Mexico,US,237,2,0,235
03/30/2020,New Mexico,US,237,2,0,235
03/31/2020,New Mexico,US,315,4,0,311
04/01/2020,New Mexico,US,340,5,0,335
04/02/2020,New Mexico,US,388,6,0,382
04/03/2020,New Mexico,US,534,10,0,524
04/04/2020,New Mexico,US,534,10,0,524
04/05/2020,New Mexico,US,670,12,0,658
04/06/2020,New Mexico,US,757,12,0,745
04/07/2020,New Mexico,US,876,13,0,863
04/08/2020,New Mexico,US,902,13,0,889
04/09/2020,New Mexico,US,865,16,0,849
04/10/2020,New Mexico,US,1081,17,0,1064
04/11/2020,New Mexico,US,1091,19,0,1072
04/12/2020,New Mexico,US,1245,26,0,1219
04/13/2020,New Mexico,US,1262,26,0,1236
04/14/2020,New Mexico,US,1345,31,0,1314
04/15/2020,New Mexico,US,1484,36,0,1448
04/16/2020,New Mexico,US,1484,36,0,1448
04/17/2020,New Mexico,US,1597,44,0,1553
04/18/2020,New Mexico,US,1798,53,0,1745
04/19/2020,New Mexico,US,1845,55,0,1790
04/20/2020,New Mexico,US,1971,58,0,1913
04/21/2020,New Mexico,US,1971,58,0,1913
04/22/2020,New Mexico,US,2210,71,0,2139
04/23/2020,New Mexico,US,2379,78,0,2301
03/10/2020,New York,US,173,0,0,173
03/11/2020,New York,US,220,0,0,220
03/12/2020,New York,US,328,0,0,328
03/13/2020,New York,US,421,0,0,421
03/14/2020,New York,US,525,2,0,523
03/15/2020,New York,US,732,3,0,729
03/16/2020,New York,US,967,10,0,957
03/17/2020,New York,US,1706,13,0,1693
03/18/2020,New York,US,2495,16,0,2479
03/19/2020,New York,US,5365,34,0,5331
03/20/2020,New York,US,8310,42,0,8268
03/21/2020,New York,US,11710,60,0,11650
03/22/2020,New York,US,15800,117,0,15683
03/23/2020,New York,US,20884,158,0,20726
03/24/2020,New York,US,25681,210,0,25471
03/25/2020,New York,US,30841,285,0,30556
03/26/2020,New York,US,37877,385,0,37492
03/27/2020,New York,US,44876,527,0,44349
03/28/2020,New York,US,52410,728,0,51682
03/29/2020,New York,US,59648,965,0,58683
03/30/2020,New York,US,66663,1218,0,65445
03/31/2020,New York,US,75833,1550,0,74283
04/01/2020,New York,US,83948,1941,0,82007
04/02/2020,New York,US,92506,2373,0,90133
04/03/2020,New York,US,102987,2935,0,100052
04/04/2020,New York,US,113833,3565,0,110268
04/05/2020,New York,US,123160,4159,0,119001
04/06/2020,New York,US,131815,4698,0,127117
04/07/2020,New York,US,139875,5489,0,134386
04/08/2020,New York,US,151061,6268,0,144793
04/09/2020,New York,US,161779,7067,0,154712
04/10/2020,New York,US,172348,7867,0,164481
04/11/2020,New York,US,181026,8627,0,172399
04/12/2020,New York,US,189033,9385,0,179648
04/13/2020,New York,US,195749,10058,0,185691
04/14/2020,New York,US,203020,10842,0,192178
04/15/2020,New York,US,214454,11617,0,202837
04/16/2020,New York,US,223691,14832,0,208859
04/17/2020,New York,US,230597,17131,0,213466
04/18/2020,New York,US,241712,17671,0,224041
04/19/2020,New York,US,247815,18298,0,229517
04/20/2020,New York,US,253060,18611,0,234449
04/21/2020,New York,US,258361,19104,0,239257
04/22/2020,New York,US,263292,19413,0,243879
04/23/2020,New York,US,263460,20973,0,242487
03/10/2020,North Carolina,US,7,0,0,7
03/11/2020,North Carolina,US,7,0,0,7
03/12/2020,North Carolina,US,15,0,0,15
03/13/2020,North Carolina,US,17,0,0,17
03/14/2020,North Carolina,US,24,0,0,24
03/15/2020,North Carolina,US,33,0,0,33
03/16/2020,North Carolina,US,38,0,0,38
03/17/2020,North Carolina,US,64,0,0,64
03/18/2020,North Carolina,US,70,0,0,70
03/19/2020,North Carolina,US,123,0,0,123
03/20/2020,North Carolina,US,172,0,0,172
03/21/2020,North Carolina,US,253,0,0,253
03/22/2020,North Carolina,US,305,0,0,305
03/23/2020,North Carolina,US,353,0,0,353
03/24/2020,North Carolina,US,495,0,0,495
03/25/2020,North Carolina,US,590,2,0,588
03/26/2020,North Carolina,US,738,3,0,735
03/27/2020,North Carolina,US,887,4,0,883
03/28/2020,North Carolina,US,1020,5,0,1015
03/29/2020,North Carolina,US,1191,7,0,1184
03/30/2020,North Carolina,US,1313,7,0,1306
03/31/2020,North Carolina,US,1535,12,0,1523
04/01/2020,North Carolina,US,1675,14,0,1661
04/02/2020,North Carolina,US,1977,21,0,1956
04/03/2020,North Carolina,US,2251,27,0,2224
04/04/2020,North Carolina,US,2486,34,0,2452
04/05/2020,North Carolina,US,2649,38,0,2611
04/06/2020,North Carolina,US,2962,45,0,2917
04/07/2020,North Carolina,US,3299,53,0,3246
04/08/2020,North Carolina,US,3499,66,0,3433
04/09/2020,North Carolina,US,3736,76,0,3660
04/10/2020,North Carolina,US,3965,83,0,3882
04/11/2020,North Carolina,US,4354,89,0,4265
04/12/2020,North Carolina,US,4570,89,0,4481
04/13/2020,North Carolina,US,4886,94,0,4792
04/14/2020,North Carolina,US,5113,112,0,5001
04/15/2020,North Carolina,US,5340,130,0,5210
04/16/2020,North Carolina,US,5639,150,0,5489
04/17/2020,North Carolina,US,6045,177,0,5868
04/18/2020,North Carolina,US,6328,187,0,6141
04/19/2020,North Carolina,US,6601,200,0,6401
04/20/2020,North Carolina,US,6895,218,0,6677
04/21/2020,North Carolina,US,7134,245,0,6889
04/22/2020,North Carolina,US,7495,265,0,7230
04/23/2020,North Carolina,US,7820,281,0,7539
03/10/2020,North Dakota,US,0,0,0,0
03/11/2020,North Dakota,US,0,0,0,0
03/12/2020,North Dakota,US,1,0,0,1
03/13/2020,North Dakota,US,1,0,0,1
03/14/2020,North Dakota,US,1,0,0,1
03/15/2020,North Dakota,US,1,0,0,1
03/16/2020,North Dakota,US,1,0,0,1
03/17/2020,North Dakota,US,3,0,0,3
03/18/2020,North Dakota,US,6,0,0,6
03/19/2020,North Dakota,US,18,0,0,18
03/20/2020,North Dakota,US,19,0,0,19
03/21/2020,North Dakota,US,28,0,0,28
03/22/2020,North Dakota,US,28,0,0,28
03/23/2020,North Dakota,US,30,0,0,30
03/24/2020,North Dakota,US,36,0,0,36
03/25/2020,North Dakota,US,45,0,0,45
03/26/2020,North Dakota,US,51,0,0,51
03/27/2020,North Dakota,US,68,1,0,67
03/28/2020,North Dakota,US,94,1,0,93
03/29/2020,North Dakota,US,98,1,0,97
03/30/2020,North Dakota,US,109,2,0,107
03/31/2020,North Dakota,US,122,3,0,119
04/01/2020,North Dakota,US,142,3,0,139
04/02/2020,North Dakota,US,159,3,0,156
04/03/2020,North Dakota,US,173,3,0,170
04/04/2020,North Dakota,US,186,3,0,183
04/05/2020,North Dakota,US,207,3,0,204
04/06/2020,North Dakota,US,225,3,0,222
04/07/2020,North Dakota,US,237,4,0,233
04/08/2020,North Dakota,US,251,4,0,247
04/09/2020,North Dakota,US,269,5,0,264
04/10/2020,North Dakota,US,278,6,0,272
04/11/2020,North Dakota,US,293,7,0,286
04/12/2020,North Dakota,US,308,7,0,301
04/13/2020,North Dakota,US,331,8,0,323
04/14/2020,North Dakota,US,341,8,0,333
04/15/2020,North Dakota,US,365,9,0,356
04/16/2020,North Dakota,US,393,9,0,384
04/17/2020,North Dakota,US,393,9,0,384
04/18/2020,North Dakota,US,528,9,0,519
04/19/2020,North Dakota,US,585,9,0,576
04/20/2020,North Dakota,US,627,9,0,618
04/21/2020,North Dakota,US,644,13,0,631
04/22/2020,North Dakota,US,679,14,0,665
04/23/2020,North Dakota,US,709,15,0,694
03/22/2020,Northern Mariana Islands,US,0,0,0,0
03/23/2020,Northern Mariana Islands,US,0,0,0,0
03/24/2020,Northern Mariana Islands,US,0,0,0,0
03/25/2020,Northern Mariana Islands,US,0,0,0,0
03/26/2020,Northern Mariana Islands,US,0,0,0,0
03/27/2020,Northern Mariana Islands,US,0,0,0,0
03/28/2020,Northern Mariana Islands,US,0,0,0,0
03/29/2020,Northern Mariana Islands,US,0,0,0,0
03/30/2020,Northern Mariana Islands,US,0,0,0,0
03/31/2020,Northern Mariana Islands,US,2,0,0,2
04/01/2020,Northern Mariana Islands,US,6,1,0,5
04/02/2020,Northern Mariana Islands,US,6,1,0,5
04/03/2020,Northern Mariana Islands,US,8,1,0,7
04/04/2020,Northern Mariana Islands,US,8,1,0,7
04/05/2020,Northern Mariana Islands,US,8,1,0,7
04/06/2020,Northern Mariana Islands,US,8,1,0,7
04/07/2020,Northern Mariana Islands,US,8,2,0,6
04/08/2020,Northern Mariana Islands,US,11,2,0,9
04/09/2020,Northern Mariana Islands,US,11,2,0,9
04/10/2020,Northern Mariana Islands,US,11,2,0,9
04/11/2020,Northern Mariana Islands,US,11,2,0,9
04/12/2020,Northern Mariana Islands,US,11,2,0,9
04/13/2020,Northern Mariana Islands,US,11,2,0,9
04/14/2020,Northern Mariana Islands,US,11,2,0,9
04/15/2020,Northern Mariana Islands,US,13,2,0,11
04/16/2020,Northern Mariana Islands,US,13,2,0,11
04/17/2020,Northern Mariana Islands,US,13,2,0,11
04/18/2020,Northern Mariana Islands,US,14,2,0,12
04/19/2020,Northern Mariana Islands,US,14,2,0,12
04/20/2020,Northern Mariana Islands,US,14,2,0,12
04/21/2020,Northern Mariana Islands,US,14,2,0,12
04/22/2020,Northern Mariana Islands,US,14,2,0,12
04/23/2020,Northern Mariana Islands,US,14,2,0,12
03/10/2020,Ohio,US,3,0,0,3
03/11/2020,Ohio,US,4,0,0,4
03/12/2020,Ohio,US,5,0,0,5
03/13/2020,Ohio,US,13,0,0,13
03/14/2020,Ohio,US,26,0,0,26
03/15/2020,Ohio,US,37,0,0,37
03/16/2020,Ohio,US,50,0,0,50
03/17/2020,Ohio,US,67,0,0,67
03/18/2020,Ohio,US,86,0,0,86
03/19/2020,Ohio,US,119,0,0,119
03/20/2020,Ohio,US,173,2,0,171
03/21/2020,Ohio,US,248,3,0,245
03/22/2020,Ohio,US,356,3,0,353
03/23/2020,Ohio,US,443,6,0,437
03/24/2020,Ohio,US,567,8,0,559
03/25/2020,Ohio,US,704,11,0,693
03/26/2020,Ohio,US,868,15,0,853
03/27/2020,Ohio,US,1137,19,0,1118
03/28/2020,Ohio,US,1406,25,0,1381
03/29/2020,Ohio,US,1653,29,0,1624
03/30/2020,Ohio,US,1933,40,0,1893
03/31/2020,Ohio,US,2199,55,0,2144
04/01/2020,Ohio,US,2547,65,0,2482
04/02/2020,Ohio,US,2901,81,0,2820
04/03/2020,Ohio,US,3312,91,0,3221
04/04/2020,Ohio,US,3739,102,0,3637
04/05/2020,Ohio,US,4043,119,0,3924
04/06/2020,Ohio,US,4453,142,0,4311
04/07/2020,Ohio,US,4782,167,0,4615
04/08/2020,Ohio,US,5148,193,0,4955
04/09/2020,Ohio,US,5512,213,0,5299
04/10/2020,Ohio,US,5878,231,0,5647
04/11/2020,Ohio,US,6250,247,0,6003
04/12/2020,Ohio,US,6604,253,0,6351
04/13/2020,Ohio,US,6975,274,0,6701
04/14/2020,Ohio,US,7285,324,0,6961
04/15/2020,Ohio,US,7794,362,0,7432
04/16/2020,Ohio,US,8414,407,0,8007
04/17/2020,Ohio,US,9107,418,0,8689
04/18/2020,Ohio,US,10222,451,0,9771
04/19/2020,Ohio,US,11602,471,0,11131
04/20/2020,Ohio,US,12919,509,0,12410
04/21/2020,Ohio,US,13725,557,0,13168
04/22/2020,Ohio,US,14117,610,0,13507
04/23/2020,Ohio,US,14694,656,0,14038
03/10/2020,Oklahoma,US,2,0,0,2
03/11/2020,Oklahoma,US,2,0,0,2
03/12/2020,Oklahoma,US,2,0,0,2
03/13/2020,Oklahoma,US,2,0,0,2
03/14/2020,Oklahoma,US,4,0,0,4
03/15/2020,Oklahoma,US,7,0,0,7
03/16/2020,Oklahoma,US,10,0,0,10
03/17/2020,Oklahoma,US,19,0,0,19
03/18/2020,Oklahoma,US,19,0,0,19
03/19/2020,Oklahoma,US,44,1,0,43
03/20/2020,Oklahoma,US,49,1,0,48
03/21/2020,Oklahoma,US,53,1,0,52
03/22/2020,Oklahoma,US,67,2,0,65
03/23/2020,Oklahoma,US,81,2,0,79
03/24/2020,Oklahoma,US,106,3,0,103
03/25/2020,Oklahoma,US,164,5,0,159
03/26/2020,Oklahoma,US,248,7,0,241
03/27/2020,Oklahoma,US,322,8,0,314
03/28/2020,Oklahoma,US,377,15,0,362
03/29/2020,Oklahoma,US,429,16,0,413
03/30/2020,Oklahoma,US,481,16,0,465
03/31/2020,Oklahoma,US,568,23,0,545
04/01/2020,Oklahoma,US,721,30,0,691
04/02/2020,Oklahoma,US,881,34,0,847
04/03/2020,Oklahoma,US,990,38,0,952
04/04/2020,Oklahoma,US,1161,42,0,1119
04/05/2020,Oklahoma,US,1254,46,0,1208
04/06/2020,Oklahoma,US,1329,51,0,1278
04/07/2020,Oklahoma,US,1474,67,0,1407
04/08/2020,Oklahoma,US,1526,79,0,1447
04/09/2020,Oklahoma,US,1686,80,0,1606
04/10/2020,Oklahoma,US,1794,88,0,1706
04/11/2020,Oklahoma,US,1868,94,0,1774
04/12/2020,Oklahoma,US,1970,96,0,1874
04/13/2020,Oklahoma,US,2069,99,0,1970
04/14/2020,Oklahoma,US,2184,108,0,2076
04/15/2020,Oklahoma,US,2263,123,0,2140
04/16/2020,Oklahoma,US,2357,131,0,2226
04/17/2020,Oklahoma,US,2465,136,0,2329
04/18/2020,Oklahoma,US,2465,136,0,2329
04/19/2020,Oklahoma,US,2567,140,0,2427
04/20/2020,Oklahoma,US,2680,143,0,2537
04/21/2020,Oklahoma,US,2807,164,0,2643
04/22/2020,Oklahoma,US,2894,170,0,2724
04/23/2020,Oklahoma,US,3017,179,0,2838
03/10/2020,Oregon,US,15,0,0,15
03/11/2020,Oregon,US,19,0,0,19
03/12/2020,Oregon,US,24,0,0,24
03/13/2020,Oregon,US,30,0,0,30
03/14/2020,Oregon,US,32,0,0,32
03/15/2020,Oregon,US,36,1,0,35
03/16/2020,Oregon,US,39,1,0,38
03/17/2020,Oregon,US,66,1,0,65
03/18/2020,Oregon,US,68,2,0,66
03/19/2020,Oregon,US,88,3,0,85
03/20/2020,Oregon,US,114,3,0,111
03/21/2020,Oregon,US,114,5,0,109
03/22/2020,Oregon,US,161,5,0,156
03/23/2020,Oregon,US,191,5,0,186
03/24/2020,Oregon,US,210,8,0,202
03/25/2020,Oregon,US,266,10,0,256
03/26/2020,Oregon,US,316,11,0,305
03/27/2020,Oregon,US,416,12,0,404
03/28/2020,Oregon,US,479,13,0,466
03/29/2020,Oregon,US,548,13,0,535
03/30/2020,Oregon,US,606,16,0,590
03/31/2020,Oregon,US,690,18,0,672
04/01/2020,Oregon,US,736,19,0,717
04/02/2020,Oregon,US,826,21,0,805
04/03/2020,Oregon,US,899,22,0,877
04/04/2020,Oregon,US,899,22,0,877
04/05/2020,Oregon,US,1068,27,0,1041
04/06/2020,Oregon,US,1068,27,0,1041
04/07/2020,Oregon,US,1132,29,0,1103
04/08/2020,Oregon,US,1181,33,0,1148
04/09/2020,Oregon,US,1321,44,0,1277
04/10/2020,Oregon,US,1322,44,0,1278
04/11/2020,Oregon,US,1371,48,0,1323
04/12/2020,Oregon,US,1527,52,0,1475
04/13/2020,Oregon,US,1584,53,0,1531
04/14/2020,Oregon,US,1633,55,0,1578
04/15/2020,Oregon,US,1663,58,0,1605
04/16/2020,Oregon,US,1736,64,0,1672
04/17/2020,Oregon,US,1785,70,0,1715
04/18/2020,Oregon,US,1844,72,0,1772
04/19/2020,Oregon,US,1910,74,0,1836
04/20/2020,Oregon,US,1957,75,0,1882
04/21/2020,Oregon,US,2004,78,0,1926
04/22/2020,Oregon,US,2059,78,0,1981
04/23/2020,Oregon,US,2127,83,0,2044
03/10/2020,Pennsylvania,US,12,0,0,12
03/11/2020,Pennsylvania,US,16,0,0,16
03/12/2020,Pennsylvania,US,22,0,0,22
03/13/2020,Pennsylvania,US,41,0,0,41
03/14/2020,Pennsylvania,US,47,0,0,47
03/15/2020,Pennsylvania,US,66,0,0,66
03/16/2020,Pennsylvania,US,77,0,0,77
03/17/2020,Pennsylvania,US,112,0,0,112
03/18/2020,Pennsylvania,US,152,0,0,152
03/19/2020,Pennsylvania,US,206,1,0,205
03/20/2020,Pennsylvania,US,303,1,0,302
03/21/2020,Pennsylvania,US,396,2,0,394
03/22/2020,Pennsylvania,US,509,4,0,505
03/23/2020,Pennsylvania,US,698,6,0,692
03/24/2020,Pennsylvania,US,946,8,0,938
03/25/2020,Pennsylvania,US,1260,15,0,1245
03/26/2020,Pennsylvania,US,1795,18,0,1777
03/27/2020,Pennsylvania,US,2345,22,0,2323
03/28/2020,Pennsylvania,US,2845,34,0,2811
03/29/2020,Pennsylvania,US,3432,41,0,3391
03/30/2020,Pennsylvania,US,4155,50,0,4105
03/31/2020,Pennsylvania,US,4963,63,0,4900
04/01/2020,Pennsylvania,US,6009,74,0,5935
04/02/2020,Pennsylvania,US,7268,90,0,7178
04/03/2020,Pennsylvania,US,8570,102,0,8468
04/04/2020,Pennsylvania,US,10444,136,0,10308
04/05/2020,Pennsylvania,US,11589,151,0,11438
04/06/2020,Pennsylvania,US,13127,179,0,12948
04/07/2020,Pennsylvania,US,14853,247,0,14606
04/08/2020,Pennsylvania,US,16631,318,0,16313
04/09/2020,Pennsylvania,US,18300,345,0,17955
04/10/2020,Pennsylvania,US,20051,418,0,19633
04/11/2020,Pennsylvania,US,21719,503,0,21216
04/12/2020,Pennsylvania,US,22938,557,0,22381
04/13/2020,Pennsylvania,US,24292,589,0,23703
04/14/2020,Pennsylvania,US,25465,691,0,24774
04/15/2020,Pennsylvania,US,26753,779,0,25974
04/16/2020,Pennsylvania,US,28258,841,0,27417
04/17/2020,Pennsylvania,US,29888,921,0,28967
04/18/2020,Pennsylvania,US,31652,1042,0,30610
04/19/2020,Pennsylvania,US,32902,1276,0,31626
04/20/2020,Pennsylvania,US,33914,1348,0,32566
04/21/2020,Pennsylvania,US,35249,1614,0,33635
04/22/2020,Pennsylvania,US,36082,1673,0,34409
04/23/2020,Pennsylvania,US,38379,1724,0,36655
03/14/2020,Puerto Rico,US,3,0,0,3
03/15/2020,Puerto Rico,US,5,0,0,5
03/16/2020,Puerto Rico,US,5,0,0,5
03/17/2020,Puerto Rico,US,5,0,0,5
03/18/2020,Puerto Rico,US,5,0,0,5
03/19/2020,Puerto Rico,US,5,0,0,5
03/20/2020,Puerto Rico,US,14,0,0,14
03/21/2020,Puerto Rico,US,21,1,0,20
03/22/2020,Puerto Rico,US,23,1,0,22
03/23/2020,Puerto Rico,US,31,2,0,29
03/24/2020,Puerto Rico,US,39,2,0,37
03/25/2020,Puerto Rico,US,51,2,0,49
03/26/2020,Puerto Rico,US,64,2,0,62
03/27/2020,Puerto Rico,US,79,3,0,76
03/28/2020,Puerto Rico,US,100,3,0,97
03/29/2020,Puerto Rico,US,127,3,0,124
03/30/2020,Puerto Rico,US,174,6,0,168
03/31/2020,Puerto Rico,US,239,8,0,231
04/01/2020,Puerto Rico,US,286,11,0,275
04/02/2020,Puerto Rico,US,316,12,0,304
04/03/2020,Puerto Rico,US,316,15,0,301
04/04/2020,Puerto Rico,US,452,18,0,434
04/05/2020,Puerto Rico,US,475,20,0,455
04/06/2020,Puerto Rico,US,513,21,0,492
04/07/2020,Puerto Rico,US,573,23,0,550
04/08/2020,Puerto Rico,US,620,24,0,596
04/09/2020,Puerto Rico,US,683,33,0,650
04/10/2020,Puerto Rico,US,725,39,0,686
04/11/2020,Puerto Rico,US,788,42,0,746
04/12/2020,Puerto Rico,US,897,44,0,853
04/13/2020,Puerto Rico,US,903,45,0,858
04/14/2020,Puerto Rico,US,923,45,0,878
04/15/2020,Puerto Rico,US,974,51,0,923
04/16/2020,Puerto Rico,US,1043,56,0,987
04/17/2020,Puerto Rico,US,1068,58,0,1010
04/18/2020,Puerto Rico,US,1118,60,0,1058
04/19/2020,Puerto Rico,US,1213,62,0,1151
04/20/2020,Puerto Rico,US,1252,63,0,1189
04/21/2020,Puerto Rico,US,1298,64,0,1234
04/22/2020,Puerto Rico,US,1252,63,0,1189
04/23/2020,Puerto Rico,US,1416,69,0,1347
03/10/2020,Rhode Island,US,3,0,0,3
03/11/2020,Rhode Island,US,5,0,0,5
03/12/2020,Rhode Island,US,5,0,0,5
03/13/2020,Rhode Island,US,14,0,0,14
03/14/2020,Rhode Island,US,20,0,0,20
03/15/2020,Rhode Island,US,20,0,0,20
03/16/2020,Rhode Island,US,21,0,0,21
03/17/2020,Rhode Island,US,23,0,0,23
03/18/2020,Rhode Island,US,33,0,0,33
03/19/2020,Rhode Island,US,44,0,0,44
03/20/2020,Rhode Island,US,54,0,0,54
03/21/2020,Rhode Island,US,66,0,0,66
03/22/2020,Rhode Island,US,83,0,0,83
03/23/2020,Rhode Island,US,106,0,0,106
03/24/2020,Rhode Island,US,124,0,0,124
03/25/2020,Rhode Island,US,132,0,0,132
03/26/2020,Rhode Island,US,165,0,0,165
03/27/2020,Rhode Island,US,203,0,0,203
03/28/2020,Rhode Island,US,239,2,0,237
03/29/2020,Rhode Island,US,294,3,0,291
03/30/2020,Rhode Island,US,408,4,0,404
03/31/2020,Rhode Island,US,488,8,0,480
04/01/2020,Rhode Island,US,566,10,0,556
04/02/2020,Rhode Island,US,645,12,0,633
04/03/2020,Rhode Island,US,711,14,0,697
04/04/2020,Rhode Island,US,806,17,0,789
04/05/2020,Rhode Island,US,922,25,0,897
04/06/2020,Rhode Island,US,1082,27,0,1055
04/07/2020,Rhode Island,US,1229,30,0,1199
04/08/2020,Rhode Island,US,1450,35,0,1415
04/09/2020,Rhode Island,US,1727,43,0,1684
04/10/2020,Rhode Island,US,1727,43,0,1684
04/11/2020,Rhode Island,US,2349,56,0,2293
04/12/2020,Rhode Island,US,2665,63,0,2602
04/13/2020,Rhode Island,US,2665,63,0,2602
04/14/2020,Rhode Island,US,3251,80,0,3171
04/15/2020,Rhode Island,US,3251,80,0,3171
04/16/2020,Rhode Island,US,3529,87,0,3442
04/17/2020,Rhode Island,US,4177,118,0,4059
04/18/2020,Rhode Island,US,4491,137,0,4354
04/19/2020,Rhode Island,US,4706,150,0,4556
04/20/2020,Rhode Island,US,5090,155,0,4935
04/21/2020,Rhode Island,US,5500,171,0,5329
04/22/2020,Rhode Island,US,5841,181,0,5660
04/23/2020,Rhode Island,US,6256,189,0,6067
03/10/2020,South Carolina,US,7,0,0,7
03/11/2020,South Carolina,US,10,0,0,10
03/12/2020,South Carolina,US,12,0,0,12
03/13/2020,South Carolina,US,13,0,0,13
03/14/2020,South Carolina,US,19,0,0,19
03/15/2020,South Carolina,US,28,0,0,28
03/16/2020,South Carolina,US,33,1,0,32
03/17/2020,South Carolina,US,47,1,0,46
03/18/2020,South Carolina,US,47,1,0,46
03/19/2020,South Carolina,US,81,1,0,80
03/20/2020,South Carolina,US,126,1,0,125
03/21/2020,South Carolina,US,171,3,0,168
03/22/2020,South Carolina,US,196,3,0,193
03/23/2020,South Carolina,US,298,5,0,293
03/24/2020,South Carolina,US,342,5,0,337
03/25/2020,South Carolina,US,424,7,0,417
03/26/2020,South Carolina,US,424,9,0,415
03/27/2020,South Carolina,US,542,13,0,529
03/28/2020,South Carolina,US,660,15,0,645
03/29/2020,South Carolina,US,774,16,0,758
03/30/2020,South Carolina,US,925,18,0,907
03/31/2020,South Carolina,US,1083,22,0,1061
04/01/2020,South Carolina,US,1293,26,0,1267
04/02/2020,South Carolina,US,1554,31,0,1523
04/03/2020,South Carolina,US,1700,34,0,1666
04/04/2020,South Carolina,US,1917,40,0,1877
04/05/2020,South Carolina,US,2049,44,0,2005
04/06/2020,South Carolina,US,2232,48,0,2184
04/07/2020,South Carolina,US,2417,51,0,2366
04/08/2020,South Carolina,US,2417,51,0,2366
04/09/2020,South Carolina,US,2793,67,0,2726
04/10/2020,South Carolina,US,3067,72,0,2995
04/11/2020,South Carolina,US,3211,80,0,3131
04/12/2020,South Carolina,US,3320,82,0,3238
04/13/2020,South Carolina,US,3391,82,0,3309
04/14/2020,South Carolina,US,3553,97,0,3456
04/15/2020,South Carolina,US,3656,106,0,3550
04/16/2020,South Carolina,US,3931,111,0,3820
04/17/2020,South Carolina,US,4099,116,0,3983
04/18/2020,South Carolina,US,4248,119,0,4129
04/19/2020,South Carolina,US,4377,120,0,4257
04/20/2020,South Carolina,US,4446,123,0,4323
04/21/2020,South Carolina,US,4439,124,0,4315
04/22/2020,South Carolina,US,4761,140,0,4621
04/23/2020,South Carolina,US,4917,150,0,4767
03/10/2020,South Dakota,US,0,0,0,0
03/11/2020,South Dakota,US,8,1,0,7
03/12/2020,South Dakota,US,8,1,0,7
03/13/2020,South Dakota,US,8,1,0,7
03/14/2020,South Dakota,US,9,1,0,8
03/15/2020,South Dakota,US,9,1,0,8
03/16/2020,South Dakota,US,10,1,0,9
03/17/2020,South Dakota,US,11,1,0,10
03/18/2020,South Dakota,US,11,1,0,10
03/19/2020,South Dakota,US,11,1,0,10
03/20/2020,South Dakota,US,14,1,0,13
03/21/2020,South Dakota,US,14,1,0,13
03/22/2020,South Dakota,US,21,1,0,20
03/23/2020,South Dakota,US,28,1,0,27
03/24/2020,South Dakota,US,30,1,0,29
03/25/2020,South Dakota,US,41,1,0,40
03/26/2020,South Dakota,US,46,1,0,45
03/27/2020,South Dakota,US,58,1,0,57
03/28/2020,South Dakota,US,68,1,0,67
03/29/2020,South Dakota,US,90,1,0,89
03/30/2020,South Dakota,US,101,1,0,100
03/31/2020,South Dakota,US,108,1,0,107
04/01/2020,South Dakota,US,129,2,0,127
04/02/2020,South Dakota,US,165,2,0,163
04/03/2020,South Dakota,US,187,2,0,185
04/04/2020,South Dakota,US,212,2,0,210
04/05/2020,South Dakota,US,240,2,0,238
04/06/2020,South Dakota,US,288,4,0,284
04/07/2020,South Dakota,US,320,6,0,314
04/08/2020,South Dakota,US,393,6,0,387
04/09/2020,South Dakota,US,447,6,0,441
04/10/2020,South Dakota,US,536,6,0,530
04/11/2020,South Dakota,US,626,6,0,620
04/12/2020,South Dakota,US,730,6,0,724
04/13/2020,South Dakota,US,868,6,0,862
04/14/2020,South Dakota,US,988,6,0,982
04/15/2020,South Dakota,US,1168,6,0,1162
04/16/2020,South Dakota,US,1311,7,0,1304
04/17/2020,South Dakota,US,1411,7,0,1404
04/18/2020,South Dakota,US,1542,7,0,1535
04/19/2020,South Dakota,US,1635,7,0,1628
04/20/2020,South Dakota,US,1685,7,0,1678
04/21/2020,South Dakota,US,1755,8,0,1747
04/22/2020,South Dakota,US,1858,9,0,1849
04/23/2020,South Dakota,US,1956,9,0,1947
03/10/2020,Tennessee,US,7,0,0,7
03/11/2020,Tennessee,US,9,0,0,9
03/12/2020,Tennessee,US,18,0,0,18
03/13/2020,Tennessee,US,26,0,0,26
03/14/2020,Tennessee,US,32,0,0,32
03/15/2020,Tennessee,US,39,0,0,39
03/16/2020,Tennessee,US,52,0,0,52
03/17/2020,Tennessee,US,74,0,0,74
03/18/2020,Tennessee,US,79,0,0,79
03/19/2020,Tennessee,US,154,0,0,154
03/20/2020,Tennessee,US,233,0,0,233
03/21/2020,Tennessee,US,371,1,0,370
03/22/2020,Tennessee,US,505,2,0,503
03/23/2020,Tennessee,US,614,2,0,612
03/24/2020,Tennessee,US,772,2,0,770
03/25/2020,Tennessee,US,916,3,0,913
03/26/2020,Tennessee,US,1097,3,0,1094
03/27/2020,Tennessee,US,1318,6,0,1312
03/28/2020,Tennessee,US,1511,7,0,1504
03/29/2020,Tennessee,US,1720,8,0,1712
03/30/2020,Tennessee,US,1917,14,0,1903
03/31/2020,Tennessee,US,2391,23,0,2368
04/01/2020,Tennessee,US,2933,24,0,2909
04/02/2020,Tennessee,US,3013,36,0,2977
04/03/2020,Tennessee,US,3067,41,0,3026
04/04/2020,Tennessee,US,3322,50,0,3272
04/05/2020,Tennessee,US,3633,53,0,3580
04/06/2020,Tennessee,US,3802,65,0,3737
04/07/2020,Tennessee,US,4139,72,0,4067
04/08/2020,Tennessee,US,4363,80,0,4283
04/09/2020,Tennessee,US,4634,94,0,4540
04/10/2020,Tennessee,US,4891,98,0,4793
04/11/2020,Tennessee,US,5132,106,0,5026
04/12/2020,Tennessee,US,5508,106,0,5402
04/13/2020,Tennessee,US,5610,109,0,5501
04/14/2020,Tennessee,US,5827,124,0,5703
04/15/2020,Tennessee,US,5827,124,0,5703
04/16/2020,Tennessee,US,6375,136,0,6239
04/17/2020,Tennessee,US,6263,141,0,6122
04/18/2020,Tennessee,US,6589,142,0,6447
04/19/2020,Tennessee,US,7070,148,0,6922
04/20/2020,Tennessee,US,7238,152,0,7086
04/21/2020,Tennessee,US,7394,157,0,7237
04/22/2020,Tennessee,US,7394,157,0,7237
04/23/2020,Tennessee,US,8266,171,0,8095
03/10/2020,Texas,US,13,0,0,13
03/11/2020,Texas,US,21,0,0,21
03/12/2020,Texas,US,27,0,0,27
03/13/2020,Texas,US,43,0,0,43
03/14/2020,Texas,US,57,0,0,57
03/15/2020,Texas,US,72,0,0,72
03/16/2020,Texas,US,85,0,0,85
03/17/2020,Texas,US,110,1,0,109
03/18/2020,Texas,US,173,3,0,170
03/19/2020,Texas,US,260,5,0,255
03/20/2020,Texas,US,394,5,0,389
03/21/2020,Texas,US,581,5,0,576
03/22/2020,Texas,US,643,7,0,636
03/23/2020,Texas,US,758,9,0,749
03/24/2020,Texas,US,955,12,0,943
03/25/2020,Texas,US,1229,15,0,1214
03/26/2020,Texas,US,1563,21,0,1542
03/27/2020,Texas,US,1937,26,0,1911
03/28/2020,Texas,US,2455,30,0,2425
03/29/2020,Texas,US,2792,37,0,2755
03/30/2020,Texas,US,3147,45,0,3102
03/31/2020,Texas,US,3809,54,0,3755
04/01/2020,Texas,US,4355,66,0,4289
04/02/2020,Texas,US,5069,77,0,4992
04/03/2020,Texas,US,5734,100,0,5634
04/04/2020,Texas,US,6567,116,0,6451
04/05/2020,Texas,US,7209,136,0,7073
04/06/2020,Texas,US,8043,150,0,7893
04/07/2020,Texas,US,8925,160,0,8765
04/08/2020,Texas,US,9777,189,0,9588
04/09/2020,Texas,US,11208,210,0,10998
04/10/2020,Texas,US,12105,238,0,11867
04/11/2020,Texas,US,13023,266,0,12757
04/12/2020,Texas,US,13677,283,0,13394
04/13/2020,Texas,US,14275,305,0,13970
04/14/2020,Texas,US,15006,342,0,14664
04/15/2020,Texas,US,15907,375,0,15532
04/16/2020,Texas,US,16876,414,0,16462
04/17/2020,Texas,US,17849,451,0,17398
04/18/2020,Texas,US,18704,476,0,18228
04/19/2020,Texas,US,19260,490,0,18770
04/20/2020,Texas,US,19751,507,0,19244
04/21/2020,Texas,US,20574,533,0,20041
04/22/2020,Texas,US,21321,556,0,20765
04/23/2020,Texas,US,22650,604,0,22046
03/18/2020,United States Virgin Islands,US,2,0,0,2
03/19/2020,United States Virgin Islands,US,2,0,0,2
03/20/2020,United States Virgin Islands,US,3,0,0,3
03/21/2020,United States Virgin Islands,US,6,0,0,6
03/10/2020,Utah,US,2,0,0,2
03/11/2020,Utah,US,3,0,0,3
03/12/2020,Utah,US,5,0,0,5
03/13/2020,Utah,US,9,0,0,9
03/14/2020,Utah,US,10,0,0,10
03/15/2020,Utah,US,28,0,0,28
03/16/2020,Utah,US,39,0,0,39
03/17/2020,Utah,US,51,0,0,51
03/18/2020,Utah,US,51,0,0,51
03/19/2020,Utah,US,80,0,0,80
03/20/2020,Utah,US,78,0,0,78
03/21/2020,Utah,US,136,0,0,136
03/22/2020,Utah,US,162,1,0,161
03/23/2020,Utah,US,257,1,0,256
03/24/2020,Utah,US,298,1,0,297
03/25/2020,Utah,US,340,1,0,339
03/26/2020,Utah,US,396,1,0,395
03/27/2020,Utah,US,472,1,0,471
03/28/2020,Utah,US,602,1,0,601
03/29/2020,Utah,US,720,2,0,718
03/30/2020,Utah,US,798,4,0,794
03/31/2020,Utah,US,888,5,0,883
04/01/2020,Utah,US,888,5,0,883
04/02/2020,Utah,US,1092,7,0,1085
04/03/2020,Utah,US,1255,7,0,1248
04/04/2020,Utah,US,1435,8,0,1427
04/05/2020,Utah,US,1608,8,0,1600
04/06/2020,Utah,US,1685,13,0,1672
04/07/2020,Utah,US,1746,13,0,1733
04/08/2020,Utah,US,1855,13,0,1842
04/09/2020,Utah,US,1856,13,0,1843
04/10/2020,Utah,US,2103,17,0,2086
04/11/2020,Utah,US,2207,18,0,2189
04/12/2020,Utah,US,2303,18,0,2285
04/13/2020,Utah,US,2363,13,0,2350
04/14/2020,Utah,US,2417,18,0,2399
04/15/2020,Utah,US,2548,20,0,2528
04/16/2020,Utah,US,2683,20,0,2663
04/17/2020,Utah,US,2793,23,0,2770
04/18/2020,Utah,US,2917,25,0,2892
04/19/2020,Utah,US,3069,27,0,3042
04/20/2020,Utah,US,3213,28,0,3185
04/21/2020,Utah,US,3297,32,0,3265
04/22/2020,Utah,US,3445,32,0,3413
04/23/2020,Utah,US,3612,35,0,3577
03/10/2020,Vermont,US,1,0,0,1
03/11/2020,Vermont,US,1,0,0,1
03/12/2020,Vermont,US,2,0,0,2
03/13/2020,Vermont,US,2,0,0,2
03/14/2020,Vermont,US,5,0,0,5
03/15/2020,Vermont,US,8,0,0,8
03/16/2020,Vermont,US,12,0,0,12
03/17/2020,Vermont,US,12,0,0,12
03/18/2020,Vermont,US,18,0,0,18
03/19/2020,Vermont,US,22,0,0,22
03/20/2020,Vermont,US,29,2,0,27
03/21/2020,Vermont,US,29,2,0,27
03/22/2020,Vermont,US,52,2,0,50
03/23/2020,Vermont,US,75,5,0,70
03/24/2020,Vermont,US,95,7,0,88
03/25/2020,Vermont,US,125,8,0,117
03/26/2020,Vermont,US,158,9,0,149
03/27/2020,Vermont,US,184,10,0,174
03/28/2020,Vermont,US,211,12,0,199
03/29/2020,Vermont,US,235,12,0,223
03/30/2020,Vermont,US,256,12,0,244
03/31/2020,Vermont,US,293,13,0,280
04/01/2020,Vermont,US,321,16,0,305
04/02/2020,Vermont,US,338,17,0,321
04/03/2020,Vermont,US,389,17,0,372
04/04/2020,Vermont,US,461,20,0,441
04/05/2020,Vermont,US,512,22,0,490
04/06/2020,Vermont,US,543,23,0,520
04/07/2020,Vermont,US,575,23,0,552
04/08/2020,Vermont,US,605,23,0,582
04/09/2020,Vermont,US,628,23,0,605
04/10/2020,Vermont,US,679,24,0,655
04/11/2020,Vermont,US,711,25,0,686
04/12/2020,Vermont,US,727,27,0,700
04/13/2020,Vermont,US,748,28,0,720
04/14/2020,Vermont,US,752,29,0,723
04/15/2020,Vermont,US,759,29,0,730
04/16/2020,Vermont,US,774,33,0,741
04/17/2020,Vermont,US,779,35,0,744
04/18/2020,Vermont,US,803,38,0,765
04/19/2020,Vermont,US,813,38,0,775
04/20/2020,Vermont,US,816,38,0,778
04/21/2020,Vermont,US,818,40,0,778
04/22/2020,Vermont,US,823,40,0,783
04/23/2020,Vermont,US,825,43,0,782
03/16/2020,Virgin Islands,US,1,0,0,1
03/17/2020,Virgin Islands,US,2,0,0,2
03/18/2020,Virgin Islands,US,2,0,0,2
03/19/2020,Virgin Islands,US,3,0,0,3
03/22/2020,Virgin Islands,US,6,0,0,6
03/23/2020,Virgin Islands,US,7,0,0,7
03/24/2020,Virgin Islands,US,17,0,0,17
03/25/2020,Virgin Islands,US,17,0,0,17
03/26/2020,Virgin Islands,US,17,0,0,17
03/27/2020,Virgin Islands,US,19,0,0,19
03/28/2020,Virgin Islands,US,22,0,0,22
03/29/2020,Virgin Islands,US,23,0,0,23
03/30/2020,Virgin Islands,US,30,0,0,30
03/31/2020,Virgin Islands,US,30,0,0,30
04/01/2020,Virgin Islands,US,30,0,0,30
04/02/2020,Virgin Islands,US,30,0,0,30
04/03/2020,Virgin Islands,US,37,0,0,37
04/04/2020,Virgin Islands,US,40,0,0,40
04/05/2020,Virgin Islands,US,42,1,0,41
04/06/2020,Virgin Islands,US,43,1,0,42
04/07/2020,Virgin Islands,US,43,1,0,42
04/08/2020,Virgin Islands,US,45,1,0,44
04/09/2020,Virgin Islands,US,45,1,0,44
04/10/2020,Virgin Islands,US,50,1,0,49
04/11/2020,Virgin Islands,US,51,1,0,50
04/12/2020,Virgin Islands,US,51,1,0,50
04/13/2020,Virgin Islands,US,51,1,0,50
04/14/2020,Virgin Islands,US,51,1,0,50
04/15/2020,Virgin Islands,US,51,1,0,50
04/16/2020,Virgin Islands,US,51,1,0,50
04/17/2020,Virgin Islands,US,51,2,0,49
04/18/2020,Virgin Islands,US,53,3,0,50
04/19/2020,Virgin Islands,US,53,3,0,50
04/20/2020,Virgin Islands,US,53,3,0,50
04/21/2020,Virgin Islands,US,53,3,0,50
04/22/2020,Virgin Islands,US,54,3,0,51
04/23/2020,Virgin Islands,US,54,3,0,51
03/10/2020,Virginia,US,7,0,0,7
03/11/2020,Virginia,US,9,0,0,9
03/12/2020,Virginia,US,17,0,0,17
03/13/2020,Virginia,US,30,0,0,30
03/14/2020,Virginia,US,41,1,0,40
03/15/2020,Virginia,US,45,1,0,44
03/16/2020,Virginia,US,49,1,0,48
03/17/2020,Virginia,US,67,2,0,65
03/18/2020,Virginia,US,77,2,0,75
03/19/2020,Virginia,US,99,2,0,97
03/20/2020,Virginia,US,122,2,0,120
03/21/2020,Virginia,US,156,2,0,154
03/22/2020,Virginia,US,220,6,0,214
03/23/2020,Virginia,US,254,6,0,248
03/24/2020,Virginia,US,293,9,0,284
03/25/2020,Virginia,US,396,9,0,387
03/26/2020,Virginia,US,466,10,0,456
03/27/2020,Virginia,US,607,10,0,597
03/28/2020,Virginia,US,740,13,0,727
03/29/2020,Virginia,US,890,20,0,870
03/30/2020,Virginia,US,1020,15,0,1005
03/31/2020,Virginia,US,1249,27,0,1222
04/01/2020,Virginia,US,1483,34,0,1449
04/02/2020,Virginia,US,1706,41,0,1665
04/03/2020,Virginia,US,2012,46,0,1966
04/04/2020,Virginia,US,2407,52,0,2355
04/05/2020,Virginia,US,2640,52,0,2588
04/06/2020,Virginia,US,2878,66,0,2812
04/07/2020,Virginia,US,3335,66,0,3269
04/08/2020,Virginia,US,3645,66,0,3579
04/09/2020,Virginia,US,4042,109,0,3933
04/10/2020,Virginia,US,4509,121,0,4388
04/11/2020,Virginia,US,5077,130,0,4947
04/12/2020,Virginia,US,5274,141,0,5133
04/13/2020,Virginia,US,5747,149,0,5598
04/14/2020,Virginia,US,6182,154,0,6028
04/15/2020,Virginia,US,6500,195,0,6305
04/16/2020,Virginia,US,6889,208,0,6681
04/17/2020,Virginia,US,7491,231,0,7260
04/18/2020,Virginia,US,8053,258,0,7795
04/19/2020,Virginia,US,8542,277,0,8265
04/20/2020,Virginia,US,8990,300,0,8690
04/21/2020,Virginia,US,9630,324,0,9306
04/22/2020,Virginia,US,10266,349,0,9917
04/23/2020,Virginia,US,10998,373,0,10625
01/22/2020,Washington,US,1,0,0,1
01/23/2020,Washington,US,1,0,0,1
01/24/2020,Washington,US,1,0,0,1
01/25/2020,Washington,US,1,0,0,1
01/26/2020,Washington,US,1,0,0,1
01/27/2020,Washington,US,1,0,0,1
01/28/2020,Washington,US,1,0,0,1
01/29/2020,Washington,US,1,0,0,1
01/30/2020,Washington,US,1,0,0,1
01/31/2020,Washington,US,1,0,0,1
03/10/2020,Washington,US,267,23,1,243
03/11/2020,Washington,US,366,29,1,336
03/12/2020,Washington,US,442,31,1,410
03/13/2020,Washington,US,568,37,1,530
03/14/2020,Washington,US,572,37,1,534
03/15/2020,Washington,US,643,40,1,602
03/16/2020,Washington,US,904,48,1,855
03/17/2020,Washington,US,1076,55,1,1020
03/18/2020,Washington,US,1014,55,0,959
03/19/2020,Washington,US,1376,74,0,1302
03/20/2020,Washington,US,1524,83,0,1441
03/21/2020,Washington,US,1793,94,0,1699
03/22/2020,Washington,US,1997,97,0,1900
03/23/2020,Washington,US,2221,109,0,2112
03/24/2020,Washington,US,2328,116,0,2212
03/25/2020,Washington,US,2591,133,0,2458
03/26/2020,Washington,US,3207,150,0,3057
03/27/2020,Washington,US,3477,157,0,3320
03/28/2020,Washington,US,4030,188,0,3842
03/29/2020,Washington,US,4465,198,0,4267
03/30/2020,Washington,US,4923,205,0,4718
03/31/2020,Washington,US,5432,225,0,5207
04/01/2020,Washington,US,5608,234,0,5374
04/02/2020,Washington,US,6389,271,0,6118
04/03/2020,Washington,US,6846,291,0,6555
04/04/2020,Washington,US,7247,315,0,6932
04/05/2020,Washington,US,7825,336,0,7489
04/06/2020,Washington,US,8311,381,0,7930
04/07/2020,Washington,US,8692,400,0,8292
04/08/2020,Washington,US,9276,426,0,8850
04/09/2020,Washington,US,9639,456,0,9183
04/10/2020,Washington,US,10119,483,0,9636
04/11/2020,Washington,US,10434,495,0,9939
04/12/2020,Washington,US,10609,506,0,10103
04/13/2020,Washington,US,10635,513,0,10122
04/14/2020,Washington,US,10799,530,0,10269
04/15/2020,Washington,US,10942,552,0,10390
04/16/2020,Washington,US,11057,579,0,10478
04/17/2020,Washington,US,11517,603,0,10914
04/18/2020,Washington,US,11776,613,0,11163
04/19/2020,Washington,US,12255,636,0,11619
04/20/2020,Washington,US,12114,643,0,11471
04/21/2020,Washington,US,12563,664,0,11899
04/22/2020,Washington,US,12051,647,0,11404
04/23/2020,Washington,US,12753,711,0,12042
03/10/2020,West Virginia,US,0,0,0,0
03/11/2020,West Virginia,US,0,0,0,0
03/12/2020,West Virginia,US,0,0,0,0
03/13/2020,West Virginia,US,0,0,0,0
03/14/2020,West Virginia,US,0,0,0,0
03/15/2020,West Virginia,US,0,0,0,0
03/16/2020,West Virginia,US,0,0,0,0
03/17/2020,West Virginia,US,1,0,0,1
03/18/2020,West Virginia,US,1,0,0,1
03/19/2020,West Virginia,US,2,0,0,2
03/20/2020,West Virginia,US,7,0,0,7
03/21/2020,West Virginia,US,8,0,0,8
03/22/2020,West Virginia,US,16,0,0,16
03/23/2020,West Virginia,US,16,0,0,16
03/24/2020,West Virginia,US,22,0,0,22
03/25/2020,West Virginia,US,39,0,0,39
03/26/2020,West Virginia,US,52,0,0,52
03/27/2020,West Virginia,US,76,0,0,76
03/28/2020,West Virginia,US,96,0,0,96
03/29/2020,West Virginia,US,113,0,0,113
03/30/2020,West Virginia,US,145,1,0,144
03/31/2020,West Virginia,US,162,1,0,161
04/01/2020,West Virginia,US,191,1,0,190
04/02/2020,West Virginia,US,216,2,0,214
04/03/2020,West Virginia,US,237,2,0,235
04/04/2020,West Virginia,US,282,2,0,280
04/05/2020,West Virginia,US,324,3,0,321
04/06/2020,West Virginia,US,345,4,0,341
04/07/2020,West Virginia,US,412,4,0,408
04/08/2020,West Virginia,US,483,4,0,479
04/09/2020,West Virginia,US,514,5,0,509
04/10/2020,West Virginia,US,574,5,0,569
04/11/2020,West Virginia,US,577,5,0,572
04/12/2020,West Virginia,US,593,6,0,587
04/13/2020,West Virginia,US,611,8,0,603
04/14/2020,West Virginia,US,640,9,0,631
04/15/2020,West Virginia,US,702,10,0,692
04/16/2020,West Virginia,US,728,12,0,716
04/17/2020,West Virginia,US,775,16,0,759
04/18/2020,West Virginia,US,785,16,0,769
04/19/2020,West Virginia,US,890,18,0,872
04/20/2020,West Virginia,US,902,24,0,878
04/21/2020,West Virginia,US,908,26,0,882
04/22/2020,West Virginia,US,939,27,0,912
04/23/2020,West Virginia,US,981,31,0,950
03/10/2020,Wisconsin,US,3,0,1,2
03/11/2020,Wisconsin,US,6,0,1,5
03/12/2020,Wisconsin,US,8,0,1,7
03/13/2020,Wisconsin,US,19,0,1,18
03/14/2020,Wisconsin,US,27,0,1,26
03/15/2020,Wisconsin,US,32,0,1,31
03/16/2020,Wisconsin,US,47,0,1,46
03/17/2020,Wisconsin,US,72,0,1,71
03/18/2020,Wisconsin,US,92,0,0,92
03/19/2020,Wisconsin,US,159,0,0,159
03/20/2020,Wisconsin,US,207,3,0,204
03/21/2020,Wisconsin,US,282,4,0,278
03/22/2020,Wisconsin,US,381,4,0,377
03/23/2020,Wisconsin,US,425,5,0,420
03/24/2020,Wisconsin,US,481,5,0,476
03/25/2020,Wisconsin,US,621,7,0,614
03/26/2020,Wisconsin,US,728,10,0,718
03/27/2020,Wisconsin,US,926,14,0,912
03/28/2020,Wisconsin,US,1055,17,0,1038
03/29/2020,Wisconsin,US,1164,18,0,1146
03/30/2020,Wisconsin,US,1230,20,0,1210
03/31/2020,Wisconsin,US,1412,25,0,1387
04/01/2020,Wisconsin,US,1556,27,0,1529
04/02/2020,Wisconsin,US,1748,38,0,1710
04/03/2020,Wisconsin,US,2012,51,0,1961
04/04/2020,Wisconsin,US,2030,54,0,1976
04/05/2020,Wisconsin,US,2320,74,0,2246
04/06/2020,Wisconsin,US,2449,78,0,2371
04/07/2020,Wisconsin,US,2578,92,0,2486
04/08/2020,Wisconsin,US,2710,100,0,2610
04/09/2020,Wisconsin,US,2886,111,0,2775
04/10/2020,Wisconsin,US,3068,128,0,2940
04/11/2020,Wisconsin,US,3213,137,0,3076
04/12/2020,Wisconsin,US,3341,144,0,3197
04/13/2020,Wisconsin,US,3428,154,0,3274
04/14/2020,Wisconsin,US,3555,170,0,3385
04/15/2020,Wisconsin,US,3721,183,0,3538
04/16/2020,Wisconsin,US,3875,197,0,3678
04/17/2020,Wisconsin,US,4053,206,0,3847
04/18/2020,Wisconsin,US,4199,212,0,3987
04/19/2020,Wisconsin,US,4346,220,0,4126
04/20/2020,Wisconsin,US,4499,230,0,4269
04/21/2020,Wisconsin,US,4625,244,0,4381
04/22/2020,Wisconsin,US,4845,248,0,4597
04/23/2020,Wisconsin,US,5052,258,0,4794
03/10/2020,Wyoming,US,0,0,0,0
03/11/2020,Wyoming,US,0,0,0,0
03/12/2020,Wyoming,US,1,0,0,1
03/13/2020,Wyoming,US,1,0,0,1
03/14/2020,Wyoming,US,2,0,0,2
03/15/2020,Wyoming,US,3,0,0,3
03/16/2020,Wyoming,US,3,0,0,3
03/17/2020,Wyoming,US,11,0,0,11
03/18/2020,Wyoming,US,15,0,0,15
03/19/2020,Wyoming,US,18,0,0,18
03/20/2020,Wyoming,US,19,0,0,19
03/21/2020,Wyoming,US,23,0,0,23
03/22/2020,Wyoming,US,26,0,0,26
03/23/2020,Wyoming,US,26,0,0,26
03/24/2020,Wyoming,US,29,0,0,29
03/25/2020,Wyoming,US,44,0,0,44
03/26/2020,Wyoming,US,53,0,0,53
03/27/2020,Wyoming,US,70,0,0,70
03/28/2020,Wyoming,US,82,0,0,82
03/29/2020,Wyoming,US,86,0,0,86
03/30/2020,Wyoming,US,94,0,0,94
03/31/2020,Wyoming,US,109,0,0,109
04/01/2020,Wyoming,US,130,0,0,130
04/02/2020,Wyoming,US,150,0,0,150
04/03/2020,Wyoming,US,162,0,0,162
04/04/2020,Wyoming,US,187,0,0,187
04/05/2020,Wyoming,US,197,0,0,197
04/06/2020,Wyoming,US,210,0,0,210
04/07/2020,Wyoming,US,216,0,0,216
04/08/2020,Wyoming,US,221,0,0,221
04/09/2020,Wyoming,US,230,0,0,230
04/10/2020,Wyoming,US,239,0,0,239
04/11/2020,Wyoming,US,261,0,0,261
04/12/2020,Wyoming,US,270,0,0,270
04/13/2020,Wyoming,US,275,1,0,274
04/14/2020,Wyoming,US,282,1,0,281
04/15/2020,Wyoming,US,287,1,0,286
04/16/2020,Wyoming,US,296,2,0,294
04/17/2020,Wyoming,US,305,2,0,303
04/18/2020,Wyoming,US,309,2,0,307
04/19/2020,Wyoming,US,313,2,0,311
04/20/2020,Wyoming,US,317,2,0,315
04/21/2020,Wyoming,US,443,2,0,441
04/22/2020,Wyoming,US,447,6,0,441
04/23/2020,Wyoming,US,453,7,0,446